quantity_order,duration,machine_available,bom_depth,total_operations,total_bom_components,is_delayed
870,20,2,1,3,4,0
1304,38,5,6,8,89,1
1140,31,5,6,15,26,0
1105,17,3,1,9,17,0
1648,20,4,1,5,13,0
2179,55,3,3,24,36,1
476,22,6,6,3,43,0
1248,45,3,4,18,74,1
340,18,1,1,13,19,0
1492,47,5,5,20,77,1
2145,71,3,6,14,108,1
140,10,1,1,2,26,0
1695,45,4,4,15,49,0
779,25,3,3,13,46,1
2401,46,6,6,8,112,1
1525,18,6,1,6,20,0
2443,24,6,1,13,18,0
1225,21,5,5,5,44,0
965,29,3,5,20,81,1
2334,52,4,6,14,71,1
1194,17,3,1,3,25,0
469,25,5,6,7,8,0
31,3,1,1,1,22,0
2310,57,5,5,39,62,1
757,11,6,4,0,32,0
484,38,1,2,16,33,1
1092,25,6,2,18,34,0
2057,43,2,1,4,22,1
985,39,5,5,29,57,1
1816,38,5,3,21,43,0
199,20,4,3,19,38,1
572,22,3,2,15,33,0
1909,76,1,4,6,9,1
1277,82,1,2,6,40,1
1538,17,4,1,1,24,0
656,11,4,4,1,46,0
2078,59,3,3,14,48,1
2224,32,6,5,13,87,0
1307,48,3,5,30,35,1
2445,25,5,1,1,20,0
610,16,6,2,8,29,0
2373,60,2,1,13,19,1
2071,51,3,5,4,31,1
251,16,4,3,10,34,0
2051,51,6,5,39,74,1
1373,44,3,4,4,17,0
2149,123,1,6,28,71,1
1400,48,2,5,10,30,1
1488,25,5,5,4,7,0
785,121,1,6,48,111,1
44,19,1,4,31,57,1
2263,37,2,2,3,9,1
1965,46,5,5,14,35,0
1595,19,4,1,2,5,0
1031,34,6,5,21,55,1
1139,10,5,1,1,6,0
1510,36,3,4,16,73,1
712,52,1,5,11,26,1
2459,68,3,4,24,62,1
1589,34,4,4,16,51,1
171,9,3,2,9,19,0
211,22,5,5,27,48,0
1991,40,3,1,8,22,0
1005,18,4,1,1,25,0
2327,43,4,5,17,57,1
825,31,4,6,44,72,1
465,13,5,2,13,26,0
1285,35,4,2,15,34,0
1026,56,1,2,17,38,1
2353,41,4,1,9,23,0
347,21,3,4,17,38,0
888,44,6,6,15,105,1
1086,31,3,2,16,40,0
801,9,6,1,6,24,0
2274,47,3,1,11,21,0
773,32,5,4,33,58,1
2245,56,3,5,9,73,1
389,21,5,5,4,82,0
502,22,5,2,20,43,0
1190,13,4,2,2,22,0
2072,150,1,6,18,83,1
74,23,6,4,34,66,1
1377,17,4,2,5,10,0
1162,33,4,4,13,73,1
2037,20,5,1,3,14,0
1505,22,5,2,12,21,0
1172,11,6,1,2,4,0
1532,33,3,3,17,62,0
401,36,3,4,28,78,1
1708,32,4,3,2,45,0
428,32,2,2,19,41,0
2346,66,2,1,5,17,1
388,14,3,2,15,32,0
1806,48,2,3,19,54,1
2288,42,3,2,2,28,0
2098,68,5,6,43,97,1
2192,53,4,5,18,65,1
210,22,1,3,23,48,0
1873,18,4,2,3,34,0
789,14,3,1,0,14,0
512,13,3,2,1,39,0
2464,31,4,1,12,22,0
1761,36,6,5,29,36,1
814,20,3,2,1,42,0
2156,115,2,5,29,52,1
1905,58,2,3,18,46,1
1580,22,3,1,5,12,0
970,36,3,6,23,46,1
1495,22,6,3,15,25,0
1038,32,2,1,11,17,0
512,47,3,5,32,89,1
407,19,3,4,9,62,0
880,25,6,2,17,28,0
402,30,6,5,18,80,0
216,6,4,1,6,26,0
1048,13,6,1,8,23,0
1891,104,1,1,2,23,1
1494,56,2,1,7,23,0
873,21,4,2,14,44,0
573,42,1,3,8,16,0
1030,56,3,6,41,98,1
105,17,3,4,22,71,1
1933,31,4,2,19,42,0
1767,18,6,1,3,25,0
2288,51,3,2,3,16,0
1688,57,5,5,37,45,1
550,18,4,6,3,48,1
1069,46,1,1,4,8,0
1193,38,4,4,22,31,1
1732,61,2,1,7,18,0
1829,60,6,6,36,113,1
1607,27,6,4,10,24,0
805,25,4,6,10,115,1
1061,33,3,4,12,24,0
1653,40,3,3,13,30,0
1373,28,5,3,27,33,0
1991,26,5,2,7,42,0
1364,17,6,2,17,28,0
1673,29,5,4,17,33,0
1539,88,1,1,9,19,1
2048,41,5,5,6,48,1
1506,107,1,5,13,91,1
2247,22,5,1,1,25,0
1418,20,6,1,13,14,0
1410,32,6,3,17,54,0
1316,130,1,5,30,38,1
982,19,4,4,12,60,1
1778,40,6,6,19,80,1
1292,33,4,2,16,41,0
719,49,3,6,34,64,1
1489,102,1,3,22,25,1
1444,59,6,5,41,59,1
658,16,2,1,0,2,0
327,20,3,5,37,66,1
1267,36,4,4,34,52,1
693,24,6,3,18,59,0
673,32,1,1,3,20,0
2008,44,5,6,19,67,1
1641,61,2,4,2,27,1
1505,40,4,6,7,55,1
1146,22,3,2,7,21,0
1863,125,1,3,26,58,1
1530,79,2,4,31,53,1
2499,224,1,4,28,45,1
573,13,6,6,6,10,0
1301,14,5,1,1,25,0
1646,38,3,2,20,44,1
708,50,1,6,5,82,1
2170,52,4,4,27,33,1
11,12,6,3,15,59,0
651,20,6,4,31,45,0
2277,63,3,5,41,77,1
1599,35,6,3,20,48,0
864,16,4,3,13,25,0
1769,140,1,4,8,79,1
2442,34,3,1,10,15,1
1671,34,6,3,22,51,1
1163,34,6,5,10,73,1
1086,72,4,6,48,116,1
1717,20,5,1,1,10,0
1705,16,5,1,2,21,0
1743,20,6,1,10,11,0
1449,105,1,3,17,38,1
2304,44,3,1,10,26,0
845,28,6,4,34,48,1
212,11,2,1,9,16,0
132,19,3,5,14,60,0
410,11,5,2,10,34,0
776,18,6,5,10,27,0
303,30,4,3,27,33,0
2337,50,2,1,13,19,1
207,11,6,1,11,26,0
1940,149,1,4,31,76,1
2201,96,2,6,24,114,1
618,8,6,1,3,20,0
1157,107,1,5,27,58,1
196,21,2,3,24,56,1
1804,105,1,2,10,14,1
669,26,1,1,2,3,0
1965,52,2,2,0,40,1
2460,69,2,1,10,25,1
1379,62,1,3,4,27,1
1996,44,5,6,9,46,1
1544,103,2,5,41,68,1
156,24,6,3,13,61,0
1744,27,3,2,1,23,0
1853,21,4,1,3,20,0
498,30,1,2,1,24,0
1969,148,1,5,17,54,1
1673,37,4,3,12,18,0
2395,43,5,2,18,36,0
650,14,4,2,4,19,0
1812,96,2,5,19,52,1
1979,22,4,1,1,13,0
2208,138,1,2,10,36,1
1448,55,4,5,29,94,1
1644,30,3,1,9,25,0
272,31,6,6,37,84,1
1797,64,2,1,6,13,0
2201,58,4,6,27,115,1
2403,108,1,3,9,41,1
633,33,6,5,21,80,1
1026,36,2,1,6,16,0
890,101,1,6,16,93,1
2059,39,5,6,21,74,1
1337,38,3,3,10,30,0
2311,43,5,4,18,80,1
462,33,3,5,16,90,1
1193,29,4,4,23,39,1
2066,51,2,1,3,24,0
1692,55,4,5,31,86,1
2265,58,3,3,25,56,1
1164,18,3,1,7,12,0
413,32,3,5,35,69,1
2209,47,6,5,27,86,1
2111,118,1,4,13,63,1
1706,44,2,1,9,12,0
637,19,4,3,3,53,0
596,21,4,3,5,61,0
1658,16,5,1,13,20,0
1453,27,3,1,8,18,0
1455,68,3,6,20,91,1
113,12,3,2,11,34,0
263,24,4,4,29,37,1
1506,20,5,1,7,13,0
108,10,1,1,7,23,0
2210,24,6,2,3,32,0
1894,39,2,2,4,9,0
1929,85,1,5,5,62,1
887,22,4,3,4,14,0
347,27,6,4,26,29,0
966,21,6,5,7,56,0
1714,18,6,1,8,17,0
170,7,3,2,14,21,0
1613,94,2,6,35,103,1
407,17,4,3,24,57,1
1310,60,4,5,40,63,1
825,24,6,6,6,108,1
1537,28,4,3,7,42,0
1929,90,2,6,46,104,1
1425,51,2,2,18,33,1
1168,27,5,5,14,92,1
1228,45,5,5,36,50,1
410,39,1,3,18,38,1
649,45,2,6,38,57,1
469,14,2,2,5,25,0
964,24,2,1,10,21,0
479,28,5,5,18,67,0
1055,14,6,1,8,15,0
1703,31,6,2,16,33,0
2095,52,4,5,41,46,1
2287,34,6,5,18,61,1
572,37,3,6,30,114,1
2495,28,5,1,10,20,0
1809,76,2,6,14,111,1
2084,25,6,4,9,56,1
235,7,5,1,10,25,0
807,12,6,1,6,21,0
2341,147,1,4,2,51,1
969,19,2,2,2,27,0
1514,75,1,2,17,39,1
462,32,2,5,24,51,1
825,21,5,3,10,55,0
668,24,4,6,19,22,0
556,22,6,3,25,42,0
1225,44,6,5,28,43,1
26,14,3,3,21,62,1
1253,70,1,1,1,22,1
2215,28,6,1,8,13,0
1079,34,5,4,14,57,0
2156,53,4,4,9,43,1
1778,41,5,5,20,77,1
1070,114,1,5,28,81,1
2337,65,3,5,31,69,1
311,9,6,1,9,16,0
190,14,5,3,12,55,0
616,46,2,6,46,68,1
709,31,4,5,22,37,1
1002,32,5,5,22,36,1
1149,14,4,1,3,22,0
200,35,6,6,48,89,1
2310,101,2,1,11,25,0
990,27,3,6,2,102,1
2016,39,3,1,4,19,0
1194,38,2,3,20,39,0
137,12,4,5,1,21,0
2075,20,6,2,3,14,0
1826,27,5,2,0,5,0
1768,85,2,5,14,48,1
579,51,1,5,32,48,1
1356,31,4,5,5,17,0
1905,56,3,5,6,98,1
635,53,2,6,18,81,1
1696,42,3,3,11,59,0
164,7,4,2,0,36,0
1419,37,3,4,18,30,1
794,45,2,2,12,41,0
255,14,4,2,11,32,0
1510,83,1,1,11,23,1
1715,62,2,5,21,80,1
547,26,5,5,12,78,0
1900,39,6,5,27,41,1
1851,50,2,1,13,20,1
930,33,4,3,21,42,0
2465,37,6,3,11,62,1
534,46,2,4,19,70,1
1539,100,1,3,11,20,1
45,12,1,3,26,51,0
694,29,5,5,37,88,1
29,26,3,6,41,99,1
2378,30,6,2,19,26,0
409,17,4,3,23,50,0
981,34,4,3,8,56,0
1916,25,3,1,1,19,0
1176,80,1,4,0,14,1
1125,86,1,6,14,26,1
843,22,2,1,7,14,0
1833,44,5,5,32,47,1
1992,28,6,2,17,20,0
863,28,5,4,28,79,0
60,4,5,1,0,9,0
584,23,2,3,4,54,0
1158,36,5,3,17,49,0
2207,65,3,4,9,75,1
2371,69,2,3,3,60,1
2362,34,3,1,0,23,0
1725,42,2,1,6,25,0
691,17,5,3,7,46,0
847,22,3,3,4,34,0
1087,43,3,5,33,89,1
2321,69,3,2,16,26,1
1605,63,2,4,30,52,1
14,5,4,1,6,10,0
1136,33,5,4,16,66,0
1229,51,3,5,27,78,1
783,11,6,1,5,16,0
886,28,4,5,21,79,1
1001,35,6,5,14,91,0
56,29,5,6,36,41,1
278,13,5,3,14,31,0
379,37,3,6,24,59,1
645,32,3,4,20,30,1
1139,35,2,4,1,32,0
1703,41,4,3,26,42,1
1692,55,4,6,48,104,1
666,38,3,4,31,72,1
129,20,5,6,20,38,0
840,16,3,3,3,36,0
1820,34,5,1,11,25,0
1091,38,5,5,18,96,1
1984,41,3,5,1,69,1
1379,91,1,6,25,62,1
750,32,4,4,33,63,1
126,15,6,6,13,92,1
1863,41,5,6,14,46,1
1160,16,5,2,19,36,0
1941,224,1,5,33,94,1
1022,12,6,3,3,43,0
1674,79,2,6,18,93,1
1091,60,1,2,8,19,1
643,14,6,2,6,25,0
522,73,1,5,29,66,1
1129,38,5,5,12,88,1
1151,57,4,5,26,78,1
569,54,1,3,11,52,0
497,19,2,2,2,7,0
906,36,3,4,12,22,0
1222,26,6,3,14,48,0
713,32,1,1,13,16,0
1480,102,1,6,8,104,1
590,35,2,5,22,88,1
2304,41,4,2,3,18,0
163,31,1,6,39,45,1
1689,72,1,3,2,33,1
1006,14,4,1,1,8,0
1253,43,2,3,18,37,1
1102,38,6,3,27,51,0
1018,26,6,4,22,42,0
2151,177,1,6,39,68,1
1783,26,4,4,6,13,0
967,54,1,3,8,54,1
462,14,3,1,11,24,0
1237,21,6,2,13,32,0
2275,26,5,2,13,32,0
2489,68,3,6,14,62,1
2398,165,1,5,2,41,1
560,37,2,5,14,84,0
1645,32,6,2,18,44,0
1322,32,5,3,23,45,0
1767,40,3,3,19,22,1
366,13,6,4,7,35,0
2080,34,4,6,4,17,1
1795,52,2,4,3,6,0
1791,46,3,5,13,65,1
2499,31,4,2,15,36,1
1641,90,1,3,19,31,1
1025,20,4,2,5,26,0
1358,26,3,1,6,10,0
525,18,3,2,5,25,0
345,23,1,1,2,20,0
1792,38,4,4,14,67,0
2315,59,4,4,28,64,1
506,27,1,5,2,35,1
905,18,4,2,10,26,0
2217,18,6,2,2,23,0
861,46,1,1,11,23,0
1697,51,2,4,9,16,1
1941,27,3,1,1,20,0
2437,80,2,4,32,49,1
1578,20,6,1,10,21,0
966,21,6,4,9,76,0
1646,20,5,1,0,7,0
1301,25,5,4,2,48,0
1450,26,5,6,4,50,0
1201,58,1,1,11,18,1
1076,23,4,2,11,13,0
294,19,6,5,12,35,0
2454,133,2,6,23,71,1
21,30,2,6,43,93,1
1640,32,2,1,8,25,1
763,39,2,5,31,92,1
2092,35,5,2,15,23,1
99,23,2,6,31,96,1
785,20,4,2,12,39,0
1635,47,5,4,20,52,1
427,28,2,5,11,63,0
124,17,1,3,18,53,1
626,30,3,4,20,72,1
835,36,3,5,20,46,1
1659,32,3,1,10,21,0
1526,30,5,1,13,15,0
422,33,2,2,20,34,0
738,20,6,6,5,108,1
685,18,6,3,8,55,0
1902,19,6,1,0,9,0
2249,42,5,5,11,17,0
1132,34,4,6,13,32,1
1581,114,1,6,5,72,1
987,59,1,5,0,58,1
1018,39,3,6,21,51,1
2153,28,3,1,1,26,0
1697,23,6,5,10,38,0
46,16,6,5,2,40,0
1558,29,3,2,9,44,0
2336,54,2,3,5,17,1
2274,27,4,2,5,12,0
882,29,4,3,19,51,1
1831,45,4,5,20,49,1
1306,26,4,6,1,62,0
2119,60,3,3,25,56,1
605,53,1,5,30,86,1
1913,40,3,5,25,95,1
738,16,4,2,9,14,0
1375,22,3,2,5,41,0
406,34,4,6,22,83,1
708,22,5,4,27,52,0
2234,12,6,1,0,9,0
1645,123,1,4,29,79,1
405,17,5,4,13,35,0
85,25,2,6,36,114,1
274,19,3,3,22,29,0
1829,71,2,6,31,95,1
727,68,3,6,48,113,1
860,34,6,5,33,52,1
1400,53,5,5,40,51,1
153,15,6,5,21,26,0
894,13,4,1,6,24,0
405,13,6,3,8,14,0
1502,25,6,3,20,51,0
1177,29,4,5,15,59,1
1072,38,3,4,19,73,0
2166,33,4,1,10,19,0
1075,26,5,4,18,60,0
1219,23,6,2,15,42,0
2455,33,4,3,14,55,1
643,11,6,3,4,44,0
1166,24,5,4,10,37,1
1248,47,2,1,12,14,0
742,19,5,3,17,37,0
244,29,1,4,3,56,1
760,88,1,6,48,97,1
963,109,1,6,35,100,1
1552,16,6,1,6,14,0
1207,36,3,4,14,75,1
1686,80,3,6,45,99,1
1201,22,3,1,11,20,0
2227,28,6,5,2,11,0
1426,17,5,1,9,18,0
1227,25,3,2,7,43,0
1550,70,2,5,37,71,1
2086,200,1,4,21,61,1
1455,40,5,5,13,36,0
2396,213,1,5,16,82,1
1529,52,3,4,20,25,1
1398,33,5,4,14,47,0
1866,49,4,6,14,87,1
1375,31,2,2,0,44,0
509,27,3,4,23,29,1
1690,51,3,3,22,26,0
520,31,2,3,22,46,0
226,11,2,2,11,27,0
1334,19,4,1,9,12,0
1165,25,3,1,13,15,0
1837,28,6,3,9,62,0
1820,52,3,4,30,69,1
1215,68,1,2,10,26,1
2224,21,5,1,5,18,0
100,8,5,1,12,18,0
723,58,1,5,8,53,1
1891,23,5,3,14,36,0
48,15,2,4,13,40,0
182,15,5,2,18,36,0
662,13,5,1,8,23,0
763,85,1,5,35,88,1
1253,32,4,3,20,62,1
1091,21,5,3,6,31,0
1693,29,6,2,7,35,0
465,8,5,1,7,23,0
838,14,4,2,7,23,0
904,53,1,2,18,20,0
1394,38,4,6,46,70,1
1968,104,1,5,29,49,1
2444,79,2,3,25,50,1
2006,140,1,6,21,29,1
2405,66,2,4,8,69,1
199,23,2,3,25,53,0
514,44,1,3,25,34,1
1224,25,6,5,3,60,0
1541,30,3,4,7,24,0
833,50,1,1,0,4,0
938,33,5,4,27,69,1
943,9,6,1,5,22,0
1150,24,6,4,10,48,0
143,10,5,2,4,8,0
2115,59,3,4,23,70,1
694,35,6,6,46,73,1
2230,87,2,6,17,105,1
1862,51,3,5,19,47,0
824,14,5,1,11,20,0
1182,30,3,3,12,55,0
89,16,1,5,4,28,0
212,38,3,6,29,90,1
1262,57,2,6,0,108,1
1709,69,1,1,5,18,1
1260,43,4,6,17,113,1
1692,53,5,6,45,89,1
1565,17,5,1,4,20,0
2104,72,3,6,30,79,1
1266,20,6,3,5,34,0
1559,96,1,2,15,23,1
1176,36,4,5,11,47,0
1406,94,1,3,19,35,1
480,23,5,3,17,53,0
1045,43,1,2,1,35,0
1363,46,4,5,22,42,1
977,22,6,3,12,52,0
367,35,3,6,26,96,1
677,25,2,2,16,30,0
382,42,1,5,16,74,1
1041,52,2,4,20,39,1
1155,14,5,1,1,23,0
1381,62,3,6,39,47,1
99,7,3,2,2,22,0
549,35,1,1,0,26,0
878,28,6,4,25,47,1
50,19,3,3,22,40,0
749,49,1,3,5,9,0
1956,160,1,5,27,82,1
1234,44,2,2,7,17,0
938,20,3,2,12,27,0
2046,153,1,5,7,21,1
934,29,2,1,2,20,0
1591,29,4,3,5,35,0
399,18,2,3,22,28,0
1627,69,2,2,14,25,0
265,28,1,2,9,24,0
718,39,5,5,26,54,1
1848,34,5,4,0,68,0
1954,16,6,1,6,12,0
19,34,5,6,28,32,1
807,27,2,4,2,17,0
886,28,6,4,30,52,0
1038,45,1,2,10,15,1
1025,29,3,2,17,26,0
1834,49,2,2,2,9,1
383,18,2,4,5,48,0
2203,17,6,1,2,15,0
233,21,1,2,4,41,0
1272,29,4,3,8,30,0
2234,81,2,1,11,26,1
1812,31,4,3,18,29,1
862,20,4,1,11,21,0
72,10,5,2,12,26,0
1250,136,1,6,37,42,1
698,30,4,5,20,95,1
1494,97,1,2,13,17,1
1643,41,5,4,5,70,1
2162,224,1,6,37,108,1
520,22,2,4,10,24,0
394,11,4,1,8,22,0
414,36,1,4,16,25,1
527,44,3,6,38,115,1
485,30,1,6,6,35,1
2010,30,4,2,20,40,0
1678,36,5,3,0,47,0
1903,21,5,2,7,25,0
1470,21,4,1,4,14,0
723,32,2,4,29,36,1
92,15,2,3,18,24,0
1178,23,5,5,7,34,0
1911,72,5,6,48,72,1
2058,43,4,3,18,30,1
60,8,2,3,11,16,0
694,16,5,2,14,18,0
726,44,2,5,35,83,1
1479,47,5,6,43,89,1
458,23,1,1,10,19,0
890,16,3,1,12,25,0
497,16,6,3,13,29,0
1833,104,1,3,4,45,1
2091,43,6,4,29,41,1
2152,67,5,5,38,98,1
1584,75,3,6,46,96,1
2211,60,3,3,12,60,1
259,18,5,4,15,41,0
683,27,5,5,6,22,0
447,45,2,6,47,78,1
2175,30,5,1,6,18,0
780,29,4,4,26,43,1
277,26,5,5,34,86,1
1994,40,4,4,14,76,1
1087,35,5,3,27,41,1
245,8,2,2,2,14,0
398,10,4,1,6,17,0
772,41,1,3,17,45,1
1858,29,4,3,13,27,0
2458,112,2,5,19,61,1
633,36,6,4,31,65,1
1262,14,4,1,5,16,0
587,15,5,3,7,26,0
2132,64,5,5,31,97,1
444,11,6,1,9,23,0
2160,63,2,4,19,49,1
773,27,3,3,17,58,1
1339,38,5,6,14,33,1
2155,162,1,3,19,58,1
1368,53,2,3,21,59,1
2492,30,4,1,2,9,0
456,9,4,1,5,22,0
2027,86,1,1,4,19,1
1341,14,5,1,4,10,0
258,21,2,5,1,90,0
175,18,1,2,7,35,0
1368,34,5,5,17,71,1
1029,31,2,3,22,54,0
551,20,4,5,12,83,0
768,32,2,4,8,53,1
2138,47,6,6,48,69,1
2190,29,3,1,6,14,0
806,35,2,4,0,56,1
147,18,3,6,1,36,0
2241,76,2,4,3,77,1
1363,27,3,3,13,51,1
1885,21,6,1,3,17,0
78,8,4,4,1,77,0
2110,31,5,3,7,46,0
1483,33,3,1,1,7,0
214,15,6,2,18,36,0
2183,44,3,3,13,34,0
52,21,4,5,19,40,0
1916,29,3,1,8,16,0
2168,29,6,4,7,50,0
770,39,6,6,27,62,1
2152,136,1,4,20,27,1
2004,64,4,5,22,68,1
1945,201,1,5,31,96,1
909,25,4,4,7,29,0
369,32,3,6,30,102,1
1729,16,6,1,4,18,0
290,28,1,3,15,58,1
1897,86,3,5,39,66,1
676,37,6,5,41,55,1
102,32,4,5,26,79,1
681,33,6,6,39,48,1
1979,44,3,2,8,26,0
70,26,1,6,17,75,1
1038,74,1,1,2,26,1
1499,11,6,1,0,25,0
613,10,3,1,3,14,0
691,23,2,1,4,22,0
1438,22,4,1,10,19,0
2290,64,4,4,16,59,1
533,40,3,5,39,84,1
2403,99,2,6,1,50,1
1978,138,1,4,30,35,1
1111,56,5,6,36,76,1
1763,22,5,2,8,41,0
1846,35,3,3,8,40,0
2306,93,2,5,33,68,1
2104,50,2,2,1,42,1
1154,29,4,4,2,65,0
2271,130,1,3,16,43,1
2296,27,6,2,13,30,0
1089,59,2,6,13,96,1
2407,34,6,3,13,31,0
116,27,5,6,37,102,1
57,5,6,2,2,4,0
346,20,1,4,0,29,0
1059,103,1,6,47,83,1
1290,17,6,3,3,61,0
2065,42,3,2,0,19,0
634,51,2,6,16,82,1
1900,51,3,4,27,35,1
1286,49,6,5,25,71,1
1725,72,2,4,7,52,1
312,31,4,4,33,76,1
648,27,3,5,17,84,1
65,15,3,4,30,55,1
735,23,6,5,26,37,1
535,16,5,5,15,55,0
483,13,6,6,9,99,0
37,23,3,6,39,92,1
2135,74,2,5,11,73,1
374,12,5,2,15,28,0
535,15,6,3,11,18,0
1345,15,6,2,10,18,0
892,41,3,5,19,72,1
1040,39,3,3,18,44,0
1036,24,4,6,0,92,0
1656,41,6,3,26,53,1
928,22,3,5,2,11,0
2420,162,1,6,11,61,1
1784,28,5,3,8,48,0
1541,94,1,3,20,35,1
1916,29,5,2,4,12,0
1225,15,6,3,0,14,0
1664,48,4,5,41,52,1
494,8,3,1,0,2,0
2085,46,3,1,3,13,0
723,19,3,1,2,24,0
1072,36,6,5,26,97,1
1986,20,5,1,7,19,0
1306,32,3,2,14,22,0
1264,105,1,5,26,84,1
2143,62,3,6,30,112,1
135,23,6,5,38,56,1
546,21,4,5,7,53,0
2202,103,1,3,25,32,1
2082,49,3,3,22,37,1
1613,37,3,3,9,51,1
76,15,2,4,17,23,0
242,5,5,2,3,21,0
2166,121,1,5,21,42,1
1179,54,2,5,2,55,1
2168,44,4,3,14,19,0
2285,54,5,5,34,39,1
120,40,1,6,46,103,1
1503,69,3,5,37,89,1
2091,70,1,1,0,6,1
632,27,3,6,13,43,0
2482,70,5,6,47,79,1
1551,46,3,5,0,43,0
1315,31,4,4,25,61,1
1771,23,6,3,7,46,0
1985,42,3,2,17,21,0
2372,50,4,2,15,30,1
886,13,6,1,5,7,0
1999,22,5,2,9,20,0
1322,18,5,2,9,16,0
1470,58,1,3,4,13,1
2334,45,4,3,25,43,1
1743,43,4,4,27,72,1
1615,37,2,1,11,25,1
1536,75,2,2,19,44,1
2407,39,6,4,13,34,1
1640,24,6,1,13,16,0
1170,56,2,6,34,53,1
768,17,6,2,11,18,0
252,16,3,2,19,41,0
1073,37,2,3,17,31,0
238,9,4,5,1,82,0
929,12,3,1,1,8,0
1256,24,6,2,16,42,0
15,4,5,1,9,23,0
477,63,1,4,17,58,1
1765,61,2,4,21,42,1
84,16,5,5,18,57,0
13,10,6,2,20,33,0
1880,21,4,3,0,14,0
655,40,1,2,3,24,0
127,9,5,1,8,22,0
1639,127,1,6,35,70,1
2031,59,2,4,30,34,1
956,11,6,1,1,11,0
1474,42,4,5,18,64,1
203,19,6,4,11,46,0
856,69,1,3,9,35,0
1425,44,5,4,30,66,1
1468,95,2,6,44,54,1
2230,105,2,2,19,40,1
1678,42,6,6,22,88,1
2383,35,5,6,14,116,1
1443,20,5,2,2,21,0
1151,95,1,4,22,50,1
1820,51,6,5,19,50,1
733,14,6,2,12,25,0
234,13,3,2,7,22,0
541,16,6,3,24,28,0
122,16,2,4,7,69,0
2197,176,1,2,17,26,1
568,32,5,5,40,46,1
2058,20,6,1,5,16,0
2147,195,1,4,26,74,1
663,16,6,3,3,49,0
329,22,5,6,14,51,0
1583,29,4,2,4,29,0
1838,30,5,5,4,19,0
1927,33,5,4,8,16,0
148,19,5,5,6,38,0
2036,46,6,5,40,64,1
2316,49,3,6,19,68,1
911,22,5,3,9,19,0
699,50,2,4,25,79,1
2049,58,2,2,3,44,1
19,9,1,3,5,42,0
270,18,3,2,13,30,0
1952,96,1,1,8,14,1
1683,58,2,5,0,27,1
2229,64,2,1,0,6,0
2070,53,4,5,23,68,1
1201,45,5,6,26,31,1
1629,44,2,3,6,58,1
330,7,6,2,8,19,0
1352,50,6,6,42,44,1
1646,80,1,2,2,40,1
2386,125,1,3,25,56,1
2004,31,5,4,11,47,0
1953,15,5,1,4,11,0
2048,19,4,1,2,16,0
1128,25,3,2,14,24,0
1614,113,1,2,20,28,1
2375,33,5,2,9,37,0
245,18,1,3,0,37,0
1979,43,5,4,5,69,0
343,14,2,1,1,18,0
1918,172,1,6,28,102,1
385,29,2,5,39,46,1
1170,46,1,3,0,26,1
1580,39,3,1,12,18,0
1329,33,4,4,3,72,1
1865,35,6,3,26,53,1
1382,31,6,6,3,23,0
882,14,6,1,12,24,0
1262,40,2,3,4,29,0
2327,29,5,1,13,26,0
1861,29,6,1,11,14,0
1324,41,3,4,19,71,1
734,46,6,5,40,97,1
2062,162,1,4,22,28,1
87,8,2,1,12,16,0
141,22,1,3,17,35,0
610,65,1,6,48,92,1
1782,93,1,4,24,60,1
1075,32,4,5,0,51,0
2146,38,4,1,5,11,0
2459,50,5,6,14,35,1
2353,79,2,4,33,58,1
1873,43,3,4,19,23,1
1328,36,3,4,26,53,1
625,32,3,4,21,29,1
2479,181,1,6,4,67,1
1898,24,4,3,1,62,0
1056,64,2,5,38,88,1
584,50,1,5,2,77,1
2200,25,4,1,0,18,0
1002,12,4,2,2,39,0
2202,31,6,3,12,18,0
1258,13,6,1,6,16,0
512,18,2,1,8,24,0
2007,49,2,4,2,26,1
830,26,2,2,14,38,0
2161,125,1,2,17,24,1
1980,35,5,3,9,50,0
207,12,2,2,6,43,0
1679,17,6,1,8,19,0
2448,34,5,2,4,34,0
1212,70,1,2,19,28,1
1481,37,5,5,39,58,1
1656,34,3,1,13,20,0
1702,41,5,6,3,91,1
1322,63,2,2,19,32,0
2045,122,1,2,13,38,1
487,37,2,4,33,52,1
1264,23,6,2,12,18,0
932,17,3,2,0,12,0
429,38,6,5,38,86,1
2214,67,2,1,11,17,1
1130,48,2,3,24,39,1
960,22,2,1,8,15,0
2346,61,4,4,27,49,1
1287,25,3,1,9,14,0
2253,74,2,2,16,44,1
1867,88,2,4,22,54,1
526,12,6,1,12,15,0
1668,32,6,4,9,65,0
1875,51,2,3,15,20,1
1151,70,1,1,5,14,1
1942,69,4,6,47,51,1
824,20,6,2,10,22,0
2285,106,1,4,2,74,1
1910,56,4,6,27,55,1
2273,138,2,6,40,72,1
2072,64,3,5,14,71,1
2104,32,5,4,12,27,0
2381,73,5,6,41,94,1
139,32,2,5,16,90,1
104,12,6,6,6,76,0
1965,86,1,2,5,37,1
803,24,3,3,12,19,0
1844,44,4,5,16,34,1
2126,52,2,3,14,49,1
1693,50,3,4,27,37,1
20,12,3,2,14,18,0
1875,31,6,5,10,50,1
721,28,4,4,30,46,1
2080,77,3,6,3,73,1
824,9,6,1,2,11,0
355,44,1,4,33,50,1
2359,48,6,3,19,49,1
372,37,1,2,9,25,0
2453,170,1,2,12,13,1
2275,56,3,4,19,78,1
2198,40,6,6,28,38,1
994,61,1,1,9,20,0
1649,32,4,3,20,34,0
837,46,3,4,28,44,1
365,23,6,4,22,43,1
1357,25,6,2,17,31,0
1873,28,5,3,20,36,0
136,11,6,1,10,26,0
613,19,3,2,9,43,0
1938,49,4,4,11,47,1
1023,19,6,2,18,39,0
60,7,5,2,0,30,0
1440,55,3,5,17,97,1
1802,106,1,2,13,34,1
1646,80,2,6,21,113,1
1655,55,2,2,20,26,1
2477,178,1,6,0,116,1
1215,26,6,3,16,56,0
1864,58,2,2,10,14,1
576,13,2,1,3,7,0
2428,224,1,6,14,94,1
945,46,6,6,35,103,1
1944,37,6,4,21,71,1
1342,108,1,3,25,52,1
211,10,6,2,13,27,0
2370,18,6,1,5,24,0
126,31,3,4,32,53,1
946,30,3,3,25,42,0
584,77,1,6,40,95,1
2301,46,4,1,10,24,0
546,22,2,2,6,17,0
1635,45,3,5,22,67,1
2132,64,2,5,1,84,1
395,14,5,3,1,48,0
484,26,1,1,5,22,0
427,31,4,4,28,44,1
2404,23,5,1,3,24,0
948,38,5,6,45,63,1
964,18,6,5,2,58,0
885,17,5,3,6,22,0
772,39,1,2,6,34,0
1212,22,3,1,3,25,0
1215,120,1,5,28,66,1
673,27,3,4,22,35,1
34,11,5,3,12,58,0
2000,33,5,2,15,23,0
1213,19,4,1,1,17,0
719,24,3,4,0,39,0
1889,35,5,2,17,27,0
1194,48,6,6,39,83,1
2234,63,2,5,14,47,1
294,38,4,6,47,53,1
72,21,1,5,16,60,1
1012,32,4,4,9,43,0
671,54,2,6,19,84,1
2213,71,3,5,5,61,1
1502,85,1,3,7,29,1
976,116,1,4,33,73,1
858,37,3,5,31,47,1
1117,16,4,1,2,18,0
698,32,5,5,41,91,1
157,18,4,6,3,32,0
351,17,2,3,11,31,0
1096,24,6,2,17,39,0
1734,21,5,2,6,17,0
1393,42,4,5,19,87,1
336,9,6,2,3,9,0
1802,38,6,5,6,77,1
1769,49,3,3,9,24,0
999,36,2,2,14,29,0
2272,115,2,6,11,98,1
2492,86,2,6,0,105,1
961,10,5,1,3,9,0
732,49,1,5,24,33,1
2089,26,5,2,15,34,0
2342,65,4,6,4,108,1
438,15,6,3,18,31,0
1510,24,6,3,3,25,0
295,22,1,1,5,17,0
2075,52,4,3,25,52,1
778,56,1,3,16,54,1
1404,21,6,2,6,34,0
203,19,5,5,38,86,1
997,41,2,4,8,59,1
1146,16,6,3,12,33,0
2171,77,3,3,19,54,1
1711,74,2,4,13,43,1
956,30,6,3,15,35,0
840,19,5,2,8,35,0
1930,89,1,2,14,18,1
64,15,2,4,19,73,1
809,18,5,6,7,116,0
787,21,4,3,14,30,0
1491,62,3,6,20,83,1
1911,55,2,3,24,36,1
2219,219,1,5,40,80,1
2144,42,4,3,18,33,0
64,7,5,2,5,39,0
1833,49,3,1,3,22,0
1211,67,1,1,10,15,1
842,15,5,1,12,21,0
322,10,5,1,9,21,0
1868,48,2,6,2,54,1
2017,95,2,6,0,60,1
2016,81,1,3,11,30,1
2500,58,6,6,14,46,1
1800,38,6,3,14,25,0
337,17,5,5,20,61,1
1297,39,2,3,13,44,0
2153,37,3,1,9,20,0
1121,41,3,4,30,55,1
1321,22,5,4,6,19,0
461,23,2,2,16,37,0
1533,145,1,2,18,23,1
174,18,1,3,6,17,0
191,17,1,4,2,14,0
919,25,3,1,13,20,0
832,75,2,6,34,92,1
953,30,2,1,9,14,0
2011,35,3,1,8,14,0
2064,168,1,3,17,38,1
339,30,1,3,19,44,0
784,28,5,5,13,54,0
2208,27,6,1,2,20,0
156,5,4,1,11,15,0
924,23,6,3,25,61,0
1581,79,2,3,25,39,1
1318,57,2,5,6,87,1
91,19,2,5,38,48,1
523,13,6,2,4,20,0
1930,67,4,4,34,57,1
1949,16,5,1,1,17,0
755,11,6,1,3,11,0
1419,45,4,5,13,88,1
716,77,1,5,35,73,1
480,25,1,2,7,23,0
405,34,2,4,28,62,1
1565,44,3,2,20,29,0
2318,110,2,4,21,31,1
814,33,3,6,7,116,1
943,10,4,1,0,13,0
1289,81,1,2,4,22,1
1767,38,6,5,3,89,0
914,24,3,2,10,44,0
1086,35,4,6,17,104,1
1900,102,1,2,9,18,1
1533,20,6,1,0,25,0
1397,63,3,6,29,50,1
1313,58,2,5,14,30,1
602,23,2,5,5,14,0
2116,105,2,3,22,61,1
137,17,4,6,15,33,0
745,33,2,3,14,26,1
530,14,5,3,7,28,0
246,16,1,1,8,15,0
1314,28,4,2,10,35,0
1791,44,6,5,33,47,1
1311,74,2,5,26,37,1
2061,118,1,2,12,29,1
451,29,3,5,35,98,1
2086,51,2,2,8,34,0
814,76,1,6,4,41,1
84,3,5,1,2,9,0
2185,44,3,1,5,15,0
2099,25,5,1,2,17,0
1389,28,6,2,20,26,0
50,8,1,2,2,15,0
2091,28,5,4,5,43,0
1710,35,6,5,27,63,1
1411,140,1,5,31,81,1
597,59,1,4,24,31,1
1632,35,5,4,31,39,1
351,16,1,1,2,20,0
2084,59,2,4,21,31,1
655,45,1,2,6,38,0
740,28,4,3,21,53,1
177,15,6,2,17,44,0
619,55,1,4,31,39,1
2325,62,4,5,30,69,1
1782,86,1,2,7,42,1
2050,146,1,5,32,76,1
464,14,5,2,3,22,0
1718,73,2,5,23,55,1
711,32,6,6,30,62,1
1609,49,2,2,6,16,1
139,20,3,5,12,42,0
1855,38,5,3,9,48,0
1396,16,5,1,6,12,0
702,32,2,2,17,27,0
1404,24,5,3,0,57,0
803,16,2,1,3,20,0
38,12,5,2,15,41,0
158,27,1,3,15,31,0
1329,49,2,3,17,60,1
2068,67,2,6,7,27,1
1146,26,4,3,9,23,0
196,17,5,6,15,58,0
1260,33,5,4,10,42,0
1343,46,2,5,5,15,1
107,6,1,1,0,9,0
64,14,1,5,11,93,1
767,26,6,5,37,62,1
415,43,1,6,27,31,1
2126,36,5,5,16,52,0
1322,22,4,3,0,19,0
1795,98,2,6,31,67,1
760,20,3,5,7,11,0
1772,66,4,6,39,86,1
374,31,3,4,23,58,1
2036,37,4,6,9,85,1
491,30,1,2,14,33,0
2258,25,5,3,6,10,0
163,7,3,1,6,24,0
1534,22,4,2,9,11,0
2130,27,5,2,3,42,0
2353,62,3,2,17,23,0
1050,51,2,5,9,72,1
1674,53,4,6,18,41,1
1250,52,2,6,45,93,1
70,22,1,5,14,61,0
948,36,2,3,15,31,0
1649,59,2,5,1,45,1
2099,46,6,5,28,51,1
34,8,4,5,3,52,0
1072,94,1,3,20,44,1
140,20,2,3,17,45,0
1262,37,5,4,28,35,1
117,26,3,4,30,62,1
181,24,2,4,16,57,0
1468,71,1,4,9,28,1
111,25,2,6,26,105,1
2332,55,3,2,20,42,0
1646,84,1,2,8,39,1
1050,35,4,4,14,40,0
339,47,1,4,30,45,1
1530,24,4,1,4,14,0
21,10,1,2,8,36,0
1351,43,3,1,13,21,0
225,11,3,1,12,15,0
348,64,1,5,25,87,1
1809,121,2,6,37,48,1
1760,41,3,3,18,56,1
1518,20,4,2,3,19,0
2431,60,4,4,16,29,1
719,18,5,4,2,16,0
1233,22,6,3,13,39,0
1122,23,6,2,16,17,0
1301,22,6,4,12,24,0
498,34,4,4,26,30,0
1571,40,5,5,0,94,1
56,8,6,1,8,20,0
787,20,6,4,16,71,0
1049,96,1,6,47,72,1
720,56,1,2,17,32,0
410,61,1,6,33,106,1
1827,56,2,3,13,49,1
259,24,6,5,16,37,0
400,17,2,2,2,23,0
344,30,5,5,33,89,1
638,12,4,1,7,11,0
146,15,6,4,24,54,0
1531,19,4,2,1,22,0
836,46,1,3,1,62,0
736,10,6,1,9,18,0
1510,36,3,1,8,24,0
999,50,2,5,29,32,1
2429,50,2,1,3,15,0
944,19,6,2,20,44,0
411,47,1,5,28,51,1
1476,37,2,1,10,16,0
624,43,1,3,24,42,1
1306,42,5,6,37,96,1
1192,24,4,2,11,20,0
2245,63,3,3,24,57,1
1131,31,4,3,8,61,0
140,34,4,5,38,87,1
1204,22,5,4,25,76,1
192,30,2,5,36,70,1
373,20,3,2,15,43,0
48,6,2,2,4,17,0
1382,32,6,5,11,19,0
930,26,4,4,23,50,1
25,20,6,5,25,34,0
502,35,1,2,19,40,0
1459,23,4,4,8,71,0
1141,50,2,2,6,43,0
320,25,4,4,28,79,1
748,64,1,4,30,74,1
555,24,5,5,18,97,0
2471,58,6,5,19,50,1
260,24,6,5,22,48,0
768,33,2,4,26,74,1
1814,57,4,4,29,59,1
1307,49,2,2,20,32,0
1641,29,5,3,11,45,0
1924,49,4,5,34,38,1
823,56,4,6,48,64,1
38,9,2,2,6,33,0
967,31,2,2,9,20,0
2042,83,1,1,6,21,1
486,29,5,5,14,71,0
327,19,1,2,1,20,0
254,10,6,1,12,23,0
757,21,4,6,3,63,0
706,36,2,6,17,29,1
281,25,4,5,22,56,1
1781,46,4,4,32,49,1
1272,22,3,1,1,6,0
2434,40,6,4,33,42,1
275,40,3,6,35,69,1
930,32,4,6,34,43,1
349,23,2,3,16,52,0
398,22,4,3,27,34,1
2060,30,6,3,13,21,0
1175,29,3,3,1,46,0
385,15,2,2,15,39,0
2043,39,4,3,10,48,0
2381,29,5,2,12,38,0
155,5,6,2,0,7,0
1991,29,6,5,1,86,0
302,5,5,2,1,20,0
441,16,4,2,20,34,0
714,12,6,3,4,49,0
2008,53,2,2,3,44,1
408,26,4,4,11,52,1
973,37,4,3,25,43,0
2244,29,3,1,9,17,0
2051,47,6,3,27,47,1
1838,31,6,2,2,30,0
2118,36,5,4,19,67,1
948,25,3,3,9,38,0
719,25,3,4,17,47,0
816,10,6,1,4,12,0
1473,56,4,6,26,71,1
1335,30,3,1,10,17,0
20,28,5,6,41,84,1
1095,38,3,5,0,32,0
1878,38,5,6,5,95,1
2283,56,3,5,10,20,1
781,11,5,3,1,11,0
1604,70,3,5,38,88,1
1617,39,3,4,19,71,1
1343,49,2,5,20,87,1
894,28,5,4,20,29,0
1399,42,5,6,17,49,1
235,16,5,6,20,56,1
834,54,1,6,18,25,1
2275,66,3,5,3,87,1
946,24,5,6,12,92,0
2316,37,6,5,17,78,1
1921,170,1,5,28,63,1
1806,44,2,2,12,21,1
63,10,5,2,18,32,0
736,27,5,5,0,49,0
1554,76,1,4,18,35,1
1053,39,3,3,19,38,0
1923,14,6,1,0,9,0
1786,51,2,2,7,19,0
1606,35,5,5,16,90,1
1924,38,3,1,4,14,0
2476,30,6,2,14,31,0
859,20,6,3,17,47,0
2119,72,2,4,31,39,1
2273,56,4,5,3,20,1
12,13,6,3,11,51,0
169,11,4,2,12,18,0
790,42,6,5,31,36,1
902,32,2,1,3,21,0
2040,105,1,6,0,108,1
2386,83,2,4,32,36,1
589,20,2,2,6,25,0
1943,144,1,4,8,42,1
1390,81,1,5,0,35,1
1300,41,3,6,15,90,1
1650,26,6,3,17,47,0
961,27,3,4,5,24,0
997,49,1,1,1,26,0
1228,22,4,2,8,43,0
930,11,4,1,3,5,0
1365,53,2,4,22,32,1
179,36,5,6,42,110,1
530,31,2,3,12,20,0
1496,60,2,3,10,41,1
49,2,5,1,2,7,0
1570,29,6,5,7,21,0
1428,121,1,5,38,58,1
964,36,4,6,24,110,1
993,45,2,3,15,38,1
984,14,5,1,2,4,0
47,4,3,1,0,20,0
2385,48,2,1,1,19,1
1284,49,4,4,26,43,1
1209,119,1,6,14,90,1
1635,67,2,5,16,55,1
923,28,2,5,4,38,0
463,18,6,4,15,38,0
46,9,5,2,14,19,0
1721,83,3,4,33,41,1
805,51,3,6,47,56,1
982,49,1,1,2,21,0
602,23,4,4,7,11,0
1147,72,1,1,9,11,0
1334,51,2,6,4,96,1
2281,118,2,6,47,81,1
327,22,3,3,20,52,1
2406,31,4,1,9,21,0
2172,52,5,5,21,66,1
1356,42,4,4,22,69,1
1601,66,2,6,12,51,1
1899,20,5,1,8,11,0
2097,32,4,2,16,24,0
2006,34,4,3,19,62,0
1782,30,5,2,11,19,0
1322,81,2,6,36,89,1
1295,21,4,2,11,32,0
225,8,5,2,0,41,0
2393,37,6,3,19,61,0
2149,31,6,3,27,55,0
2410,74,2,3,15,41,1
1714,38,5,3,11,29,0
372,10,6,2,8,23,0
1726,28,5,5,16,71,1
1203,41,4,5,35,83,1
365,21,2,3,13,19,0
200,11,6,4,18,37,0
2479,26,4,1,6,7,0
709,46,1,6,2,70,1
2064,147,1,4,32,45,1
2190,107,2,6,43,87,1
566,22,6,4,31,73,1
835,24,6,4,10,72,1
1064,49,6,5,41,91,1
435,5,5,1,1,18,0
2420,41,4,4,25,44,1
1584,14,6,3,3,39,0
2139,61,4,6,16,67,1
2413,94,2,5,16,89,1
598,35,6,6,27,100,1
2022,49,2,3,7,18,1
1557,40,6,3,22,48,1
304,31,1,4,23,30,1
1995,36,3,3,3,48,0
1257,26,2,1,5,17,0
1558,27,6,3,18,43,0
1700,45,3,4,26,45,1
1146,60,2,6,28,104,1
1266,24,5,3,23,54,0
2074,64,6,5,35,50,1
369,34,5,5,34,93,1
709,45,1,5,5,75,1
457,19,6,6,22,35,1
2422,98,1,2,6,35,1
684,28,3,5,7,53,0
1017,24,2,5,1,11,0
1359,31,4,2,12,42,0
2471,184,1,6,39,100,1
595,30,4,5,20,34,1
1266,41,4,4,30,68,1
1257,111,2,6,47,115,1
1003,32,3,5,35,87,1
1445,63,2,5,37,72,1
581,10,6,2,3,36,0
2392,168,1,4,22,57,1
1255,36,4,6,20,39,0
2094,48,2,3,12,21,1
998,24,2,1,4,10,0
287,25,2,4,25,39,1
1229,51,1,3,7,42,1
1897,36,3,4,6,14,1
493,31,2,3,13,48,0
1275,69,1,3,6,38,1
740,21,4,4,21,69,1
2249,21,6,2,6,17,0
1050,26,5,4,22,72,0
927,105,1,4,29,42,1
2458,29,5,3,17,21,0
895,27,2,1,13,16,0
31,11,2,3,9,44,0
483,42,1,5,17,26,1
2267,41,5,4,9,18,1
2363,89,2,6,38,60,1
713,30,4,4,29,50,1
696,17,3,2,6,24,0
294,19,3,6,6,18,0
725,33,2,3,4,35,0
772,12,5,2,0,21,0
1260,21,6,4,17,22,0
957,32,2,3,12,21,0
2438,49,6,3,24,38,1
1040,37,6,5,39,90,1
38,10,5,5,7,30,0
916,10,6,1,9,21,0
2136,74,4,5,31,52,1
579,32,5,6,16,74,1
2016,73,2,3,5,47,1
1463,44,4,5,14,83,1
747,33,1,1,8,22,0
525,36,3,4,19,54,0
2010,101,2,6,14,105,1
2454,134,2,5,34,76,1
48,7,2,3,5,21,0
896,32,4,4,29,64,1
2214,185,1,3,24,39,1
1108,27,5,4,7,72,0
1833,131,1,6,30,49,1
1720,28,4,3,15,50,1
983,57,2,5,31,61,1
1572,38,3,5,14,26,1
998,24,2,1,1,12,0
30,12,5,4,12,46,0
2360,18,6,1,7,14,0
878,23,3,2,7,15,0
93,21,2,5,13,95,1
1692,51,3,4,27,35,1
1986,40,6,6,10,99,1
1420,72,1,1,5,10,1
1540,36,4,6,24,66,1
579,18,2,6,0,29,0
943,40,5,6,24,61,1
1990,70,1,1,1,25,1
1865,52,2,2,12,27,1
802,27,1,1,0,11,0
801,33,5,3,23,52,0
1819,61,2,5,23,89,1
1304,16,6,1,10,23,0
2265,21,6,1,3,12,0
1617,22,5,2,1,2,0
1093,27,3,3,20,27,1
2487,43,5,1,13,24,0
994,41,3,5,25,65,1
1690,75,2,5,19,52,1
529,10,3,1,2,12,0
600,64,2,6,48,104,1
1060,53,2,6,36,115,1
1719,63,4,3,25,54,1
2045,101,2,5,39,92,1
2256,71,3,6,43,114,1
2444,52,4,5,24,54,1
358,15,4,3,22,38,0
969,31,2,3,11,52,0
1973,33,5,6,0,92,1
702,9,5,1,0,21,0
1569,34,6,4,14,56,1
387,16,4,2,16,39,0
536,49,2,4,33,65,1
2263,39,5,4,16,53,0
1269,63,2,5,40,84,1
1885,58,2,3,11,13,1
1773,40,4,5,3,89,1
530,35,6,6,12,91,1
1711,29,4,2,3,30,0
1026,75,1,6,6,53,1
1023,12,5,1,13,23,0
126,8,5,2,8,17,0
2443,48,5,5,22,24,1
1377,58,3,5,32,96,1
593,62,2,6,32,79,1
404,30,4,5,19,47,1
1097,26,5,5,3,36,0
81,18,1,4,0,72,1
283,6,5,1,5,14,0
2023,41,6,4,33,58,1
1353,47,2,5,26,35,1
347,20,2,3,20,54,0
1399,30,4,4,23,66,1
616,25,3,5,14,64,1
175,36,4,5,34,66,1
1577,17,5,1,8,21,0
2068,40,6,6,8,85,1
1334,75,1,2,16,33,1
738,21,4,4,20,49,0
2053,46,3,4,12,16,0
111,8,4,4,2,48,0
1425,42,2,5,3,57,1
788,11,5,1,3,23,0
223,30,5,5,27,62,1
1121,25,5,5,6,78,0
1586,40,5,6,25,36,1
2458,34,5,3,10,38,0
1705,20,5,1,7,24,0
601,48,1,4,9,74,1
1343,21,3,2,4,26,0
1119,26,5,4,12,39,0
2149,85,3,5,41,93,1
723,13,6,1,6,10,0
945,11,5,1,2,14,0
1961,21,4,1,2,25,0
251,20,5,3,18,53,0
2053,65,2,4,11,44,1
11,13,1,3,19,51,0
2282,57,4,6,21,27,1
1778,31,4,2,14,25,0
1959,116,2,6,36,50,1
2173,46,5,5,29,64,1
927,74,1,3,13,25,1
2251,42,4,3,11,30,0
99,25,1,6,28,68,1
1719,39,4,5,20,48,1
2179,20,5,1,10,15,0
152,27,6,5,36,57,1
115,19,4,4,17,66,0
896,37,6,6,43,102,1
437,31,4,5,26,92,1
1338,27,3,1,4,13,0
1905,37,5,5,11,78,1
2004,64,2,3,22,62,1
326,7,6,2,1,35,0
1996,56,2,3,5,41,1
644,19,5,2,20,40,0
1935,69,2,5,24,58,1
2066,31,5,4,3,38,0
2280,89,2,5,29,40,1
1449,15,6,1,13,22,0
562,28,3,5,12,30,0
725,26,2,2,9,31,0
1297,21,6,3,16,53,0
1723,31,4,4,13,68,0
1893,48,5,5,7,28,1
1117,107,1,5,23,30,1
1351,115,1,3,17,52,1
120,24,5,4,34,77,1
260,26,3,6,24,110,1
2440,70,2,5,16,72,1
2064,71,3,5,31,66,1
468,51,1,6,23,69,1
1117,18,6,2,6,22,0
217,12,5,2,12,43,0
909,17,5,1,13,17,0
31,21,3,3,26,38,0
419,13,6,4,4,51,0
904,48,3,5,35,59,1
524,38,2,5,25,76,1
818,18,4,1,9,20,0
883,48,6,5,30,83,1
23,8,4,3,9,62,0
980,22,2,1,13,23,0
2144,44,4,3,25,53,1
1570,88,1,1,5,17,1
1334,24,4,5,11,46,1
1276,35,2,1,10,17,0
2179,32,4,2,0,31,0
759,23,5,4,19,37,0
694,35,3,5,38,55,1
1937,203,1,6,40,77,1
2366,46,5,4,12,75,1
704,27,5,5,13,24,0
2345,115,2,4,21,63,1
316,17,3,2,17,38,0
1999,61,3,4,28,65,1
671,10,6,1,10,13,0
558,47,1,4,15,25,1
321,45,2,5,34,86,1
1092,113,1,6,33,49,1
1747,26,6,6,2,76,0
764,23,4,3,3,6,0
44,10,5,4,4,16,0
454,43,1,6,9,18,1
2150,47,5,4,28,58,1
1992,88,2,6,31,56,1
1240,56,4,4,30,42,1
362,15,2,5,1,21,0
912,32,4,4,11,54,0
1365,39,4,5,26,54,1
1758,30,5,5,4,17,0
168,13,2,3,4,14,0
1987,70,2,6,26,31,1
966,35,1,1,6,13,0
2081,84,2,5,32,93,1
413,36,1,6,3,9,0
525,31,3,2,20,29,0
1397,52,3,4,23,34,1
965,18,3,2,11,18,0
2209,50,6,4,30,45,1
1722,47,2,3,11,25,1
617,27,6,5,23,59,1
2477,44,2,1,0,8,0
1283,66,1,5,9,63,1
1545,22,6,4,1,56,0
2392,21,6,1,8,21,0
1451,28,6,5,3,71,0
1807,19,4,1,2,18,0
304,30,1,4,10,59,0
764,29,3,3,16,51,0
1404,80,1,3,11,51,1
195,11,4,5,1,29,0
1279,28,2,2,5,10,0
646,35,1,4,8,58,1
1301,27,6,5,4,95,0
539,27,3,5,19,72,1
2078,53,3,3,20,56,1
803,32,2,1,8,16,0
2157,129,1,4,27,64,1
487,10,4,1,12,23,0
1632,65,2,6,7,53,1
949,120,1,6,30,89,1
535,18,5,4,19,51,0
2391,47,3,2,7,15,0
11,21,4,6,20,42,0
384,21,6,3,27,31,0
2350,35,4,2,5,7,0
562,16,6,5,2,55,0
2375,43,4,6,4,89,1
1535,31,3,3,8,15,0
1861,31,6,5,6,28,0
390,22,1,2,3,24,0
1656,23,6,4,4,52,0
23,8,2,5,10,37,0
513,27,1,1,12,22,0
2288,95,2,4,14,48,1
2018,53,4,4,33,43,1
139,18,1,2,12,33,0
847,18,4,2,15,24,0
2050,34,5,3,6,20,0
37,6,4,3,7,20,0
2123,25,4,1,5,25,0
1262,51,2,4,29,68,1
270,5,6,1,5,20,0
2056,26,5,1,8,19,0
1482,34,4,2,19,28,0
1457,18,4,1,6,20,0
469,7,5,1,2,14,0
310,16,5,5,4,39,0
2344,130,1,3,0,28,1
639,34,2,3,14,31,0
279,21,5,4,25,46,0
2003,27,5,3,2,44,0
1638,82,3,6,39,55,1
1811,33,6,4,33,50,1
871,16,5,5,4,84,0
1290,76,2,3,18,54,1
2190,34,6,5,12,88,1
1809,27,6,3,10,29,0
1716,27,4,3,0,49,0
2370,57,4,5,21,92,1
585,17,4,1,13,22,0
2013,25,4,1,9,18,0
1317,19,3,1,1,14,0
1966,74,5,6,47,82,1
2030,27,4,1,8,25,0
2222,116,1,3,0,41,1
2362,35,4,2,10,26,0
1665,27,5,5,8,47,0
1589,33,4,2,10,12,0
1857,89,3,6,44,53,1
2213,43,2,2,1,15,1
1400,55,2,4,13,44,1
1752,16,5,1,5,20,0
1935,95,2,6,39,87,1
629,28,2,3,17,27,0
1284,42,1,1,4,22,0
966,14,5,1,12,17,0
1949,34,5,2,11,43,0
2391,93,2,4,10,11,1
978,33,2,1,5,21,0
1326,46,2,5,2,15,0
1053,28,6,5,13,84,0
291,12,3,1,11,19,0
2176,37,4,2,1,20,0
1068,37,3,2,10,40,0
207,24,5,3,21,25,0
1092,93,1,6,2,59,1
1194,50,4,6,30,81,1
1018,111,1,6,32,61,1
1239,25,6,4,23,44,0
1045,13,5,2,0,4,0
499,17,6,3,11,18,0
285,19,5,5,14,48,0
2299,214,1,6,36,94,1
1249,96,1,5,26,67,1
1284,99,1,5,37,55,1
135,7,5,1,10,16,0
226,13,2,4,11,13,0
1218,51,1,3,2,62,1
1256,29,6,4,29,44,1
2484,27,4,1,6,11,0
928,18,5,3,1,45,0
1327,17,6,3,6,48,0
2208,30,3,2,1,23,0
2441,54,3,4,31,39,1
1671,55,4,4,31,33,1
317,15,2,2,10,16,0
1369,98,1,5,13,72,1
1979,19,5,1,2,25,0
901,31,6,4,31,44,1
384,23,1,2,10,13,0
2043,21,6,3,3,38,0
1374,45,5,6,16,46,1
138,11,3,2,15,32,0
1024,113,1,6,2,110,1
1809,30,4,5,9,16,0
1391,34,2,1,4,20,0
526,30,4,6,46,81,1
1528,75,2,5,39,70,1
95,26,6,6,17,28,0
1208,55,1,3,2,40,1
2368,90,1,3,6,16,1
1152,50,2,3,9,48,0
2484,63,3,3,19,56,1
2003,31,5,2,8,36,0
2171,37,4,3,13,28,1
312,17,6,3,22,50,0
597,15,4,2,13,24,0
996,25,4,3,10,41,0
1873,48,6,5,32,66,1
354,29,6,5,35,97,1
823,59,1,4,25,60,1
1997,62,4,5,26,63,1
1320,22,5,1,5,10,0
2009,22,5,1,5,22,0
1687,49,2,1,9,22,1
1337,19,6,2,4,28,0
1102,87,1,5,34,40,1
2418,21,5,1,1,3,0
1019,59,3,4,34,59,1
713,40,1,2,8,28,1
584,42,1,4,17,49,1
1618,40,5,5,11,60,0
1122,22,3,3,2,46,0
697,27,2,4,17,36,0
498,27,5,3,23,61,0
1357,21,3,2,5,19,0
503,30,1,4,6,55,1
1677,66,3,4,32,50,1
1647,86,1,6,5,43,1
28,15,5,2,17,28,0
2454,36,6,2,12,28,0
1010,12,5,1,5,11,0
860,48,4,5,38,93,1
1398,26,4,4,8,21,0
1364,40,4,4,34,43,1
1377,21,5,2,11,30,0
831,31,2,2,19,35,0
464,24,5,5,23,56,0
1634,21,6,2,17,44,0
720,23,3,3,7,35,0
2200,26,5,3,8,47,0
926,32,5,6,12,108,1
1506,96,1,3,7,49,1
1450,98,1,3,21,31,1
314,49,1,5,41,51,1
745,23,5,4,16,35,0
2348,82,2,3,6,21,1
1973,54,3,6,16,82,1
2159,69,3,2,17,43,1
2019,38,6,3,23,40,0
971,36,2,6,1,39,0
1036,54,2,5,34,53,1
2142,60,3,2,18,26,0
2385,75,4,6,32,116,1
1483,83,1,3,20,58,1
1957,96,1,4,9,47,1
1187,35,3,2,20,26,0
674,33,2,2,13,28,0
21,14,6,4,8,51,0
1166,16,4,2,5,15,0
313,12,3,3,5,62,0
1773,153,1,2,18,40,1
52,22,5,3,20,27,0
953,39,2,4,34,37,1
2400,22,5,1,1,17,0
1359,28,6,4,18,73,0
2421,37,3,3,4,6,0
900,93,1,5,24,56,1
2484,46,4,4,10,12,0
1014,23,5,5,9,52,0
30,16,4,5,16,32,0
416,11,6,3,3,24,0
1024,72,1,3,25,46,1
345,8,5,1,4,9,0
1848,50,6,6,17,48,1
1157,32,4,2,17,26,0
2456,42,4,4,0,29,0
1837,26,5,3,13,50,0
724,46,1,4,7,14,1
60,26,4,6,1,114,0
333,22,3,6,14,86,1
798,36,6,5,33,61,1
150,7,5,2,3,37,0
479,23,2,1,13,25,0
796,28,2,4,0,13,0
1835,100,1,2,18,35,1
1367,30,3,1,4,23,0
1926,24,4,4,0,16,0
973,40,2,2,19,41,0
382,48,1,3,21,45,1
1702,44,6,4,29,56,1
1189,27,3,2,6,16,0
2348,83,3,6,21,114,1
1681,105,1,1,8,17,1
115,16,1,2,17,23,0
1453,29,4,3,12,48,0
1691,125,1,4,9,31,1
11,8,4,4,7,68,0
2147,63,4,4,26,43,1
359,16,5,3,9,57,0
1296,24,3,1,13,22,0
1072,16,6,4,10,24,0
2216,34,3,1,5,13,0
2369,60,3,2,20,42,0
454,36,5,6,32,62,1
2355,73,4,6,18,64,1
961,16,4,1,6,22,0
45,9,1,1,7,25,0
1117,38,5,6,17,116,1
1485,129,1,4,34,51,1
1808,39,5,5,36,57,1
1855,184,1,5,18,56,1
1418,54,2,3,20,27,0
1205,43,3,6,23,50,1
1409,66,3,6,33,71,1
1718,43,6,3,21,55,1
1395,25,4,5,3,28,0
2198,31,6,2,9,41,0
1310,46,2,4,1,75,1
1253,28,6,4,7,58,0
530,15,3,2,0,21,0
1816,32,4,2,5,17,0
19,36,2,5,27,62,1
993,31,3,3,9,23,0
2435,143,1,2,12,38,1
1666,23,5,3,0,47,0
1670,39,2,1,1,9,0
2209,41,4,4,2,20,0
729,15,6,5,8,34,0
1082,20,6,4,4,71,0
868,55,2,5,41,51,1
1326,21,4,1,9,18,0
1613,75,2,4,11,60,1
59,3,4,1,1,8,0
155,23,6,5,20,61,0
924,27,3,2,20,43,0
1472,62,1,4,0,18,1
2299,33,3,1,2,3,0
590,50,1,6,4,60,1
1594,28,6,4,24,33,1
492,27,3,4,7,63,0
1259,62,3,4,16,68,0
682,31,2,3,8,24,0
640,12,5,1,5,24,0
671,9,6,1,0,24,0
2476,42,4,4,20,54,1
997,13,6,2,6,14,0
1556,28,4,4,6,34,0
659,23,4,3,14,49,0
978,129,1,5,38,87,1
1110,29,4,3,21,29,0
450,12,4,2,7,17,0
930,33,2,4,8,74,1
779,20,3,1,11,20,0
1353,42,6,6,14,35,1
1836,36,6,4,1,79,0
272,13,4,2,6,21,0
1587,19,5,1,1,8,0
1008,26,6,3,21,46,0
709,25,4,5,9,98,0
2359,224,1,5,32,94,1
1613,112,1,4,6,72,1
1251,62,1,3,2,56,1
1135,36,4,6,13,36,1
2345,110,2,6,43,58,1
1200,22,5,2,13,26,0
1015,36,4,5,35,49,1
45,15,2,3,12,32,0
753,34,2,4,15,41,1
1774,22,6,1,5,10,0
362,14,4,4,4,44,0
1932,49,4,4,24,32,1
82,9,2,3,5,31,0
1386,83,2,5,37,76,1
1924,60,2,3,17,49,1
1103,10,6,1,5,23,0
2482,36,4,3,6,35,1
717,35,2,2,15,41,0
1814,139,1,4,25,56,1
965,40,4,5,12,82,0
2485,56,6,6,43,48,1
169,15,1,1,2,25,0
2206,56,3,6,25,72,1
1745,26,4,4,0,76,1
1595,33,3,3,7,38,0
76,19,2,6,3,112,1
2438,40,6,2,20,25,0
67,18,2,3,21,34,0
351,18,6,4,2,38,0
1163,29,5,6,18,50,1
1205,24,2,1,0,16,0
1242,39,3,6,28,91,1
2411,50,6,6,22,101,1
1504,74,2,5,32,86,1
1831,61,4,6,40,61,1
125,13,6,4,22,48,0
671,9,6,1,4,25,0
1475,42,2,4,6,25,0
1878,24,5,2,5,17,0
2344,66,2,3,16,57,1
1026,41,3,6,21,52,1
320,22,3,5,12,27,0
217,6,6,1,11,12,0
642,17,6,5,3,63,0
2112,64,2,5,7,20,1
666,35,3,5,36,62,1
1433,60,3,6,30,69,1
1941,23,5,1,4,23,0
1689,30,4,1,12,15,0
246,26,5,5,25,83,1
357,28,1,3,10,16,0
639,32,5,6,7,106,1
1550,64,2,6,39,109,1
2013,42,4,4,32,71,1
1281,57,2,6,44,96,1
373,60,1,5,28,56,1
2378,36,4,2,4,42,0
295,22,6,5,27,47,1
158,4,3,1,4,9,0
1117,51,5,6,39,104,1
2463,71,2,6,16,37,1
465,50,1,4,22,68,1
1776,49,3,2,12,42,1
809,28,5,6,8,52,0
1194,33,3,4,1,6,0
1022,34,5,4,31,35,1
1533,20,6,2,18,29,0
490,31,4,5,30,62,1
1696,34,3,5,6,98,1
2171,76,3,5,29,54,1
1611,53,3,3,25,53,1
2418,40,4,5,2,98,1
350,31,1,2,18,37,0
2020,48,5,3,18,53,0
1876,32,6,5,8,49,1
844,21,3,3,9,31,0
1213,21,4,2,13,36,0
1735,96,1,5,25,60,1
1699,23,5,1,0,26,0
320,18,4,6,29,35,1
271,10,6,2,5,15,0
1452,35,6,4,14,44,0
415,13,5,4,24,29,0
2200,39,3,2,5,17,0
351,11,6,4,17,49,0
1349,61,1,2,0,29,1
253,16,4,1,13,16,0
499,29,1,2,2,40,0
21,13,3,5,16,72,1
570,42,1,5,7,86,1
51,20,1,3,27,41,1
603,32,2,4,16,19,0
1462,162,1,6,24,78,1
1836,25,5,4,11,20,0
1703,41,4,2,18,24,0
143,39,2,6,35,104,1
957,28,4,6,24,33,1
82,18,4,4,28,46,1
408,26,3,6,10,75,1
1438,50,3,6,3,17,1
139,20,2,5,13,50,0
1821,21,6,1,13,18,0
2011,36,3,2,5,16,0
275,17,3,4,16,76,0
1570,34,3,5,1,12,1
1995,29,4,3,7,18,0
802,51,2,6,35,91,1
2310,46,4,6,9,14,0
1322,32,5,4,6,74,0
173,6,4,1,3,24,0
104,8,5,1,13,26,0
1815,116,1,4,15,50,1
1143,78,1,4,24,61,1
2393,71,5,5,40,69,1
831,16,5,4,3,43,0
247,19,4,3,23,39,0
2438,38,5,5,5,84,1
1970,55,2,6,0,33,1
1058,121,1,6,38,97,1
1686,102,1,6,0,18,1
973,55,6,6,39,92,1
546,9,5,2,2,25,0
1613,21,3,3,0,30,0
1989,53,3,5,0,71,1
137,36,5,5,38,83,1
101,28,2,6,20,72,1
552,14,3,1,12,23,0
855,30,6,5,29,85,1
1691,19,5,3,0,29,0
1861,75,2,4,21,30,1
399,29,2,3,21,52,0
1894,56,4,6,45,87,1
52,13,2,6,3,17,0
263,13,3,2,11,19,0
1093,53,3,5,24,90,1
2344,42,5,5,11,68,1
1550,27,5,5,16,31,1
1963,72,2,6,14,57,1
2402,45,6,5,9,85,1
651,29,1,1,2,15,0
2439,46,4,1,6,14,0
699,69,1,4,28,44,1
1286,52,2,5,11,88,1
1960,46,2,2,0,9,0
1089,64,1,4,0,64,1
1496,34,4,6,9,64,1
466,46,1,5,17,59,1
992,11,5,1,1,11,0
2140,72,3,2,16,36,0
1132,23,6,4,7,10,0
158,8,5,2,8,15,0
1362,44,3,5,20,34,1
1189,25,6,3,19,32,0
199,9,6,2,10,26,0
892,15,6,2,5,35,0
2320,66,2,6,13,38,1
409,6,6,1,0,17,0
618,24,4,5,6,12,0
1805,95,1,2,8,19,1
1648,42,4,5,10,27,0
1585,69,1,1,7,24,1
2158,34,5,6,22,42,1
1392,17,5,5,1,61,0
1413,58,1,1,2,7,1
829,11,4,1,3,7,0
829,103,1,4,27,48,1
429,23,6,6,38,77,1
133,48,2,6,43,47,1
431,20,5,5,3,24,0
1518,62,2,3,9,27,0
1607,22,6,4,5,59,0
777,28,6,6,29,108,1
2054,24,5,1,5,23,0
2212,77,5,6,45,59,1
2149,25,6,3,2,17,0
1559,29,3,2,16,44,0
1774,46,2,2,10,18,1
2054,65,2,6,9,27,1
519,34,3,6,31,36,1
1216,25,4,4,2,17,0
395,44,2,6,25,52,1
1607,121,1,3,14,59,1
2462,57,6,6,16,58,1
2303,33,6,5,26,40,1
751,26,3,3,17,60,0
1921,82,2,4,18,73,1
1456,41,4,5,11,67,1
910,54,2,5,23,52,1
2122,22,6,2,4,40,0
2270,45,5,3,23,26,1
2019,120,1,5,26,32,1
251,23,3,4,29,76,1
2395,37,5,2,14,34,0
2030,74,4,5,37,46,1
182,19,5,3,11,20,0
681,12,5,2,1,39,0
173,20,4,3,26,53,1
474,18,5,3,19,44,0
506,15,3,3,8,21,0
709,13,6,2,3,15,0
2452,130,2,5,4,90,1
712,22,5,6,7,40,0
1950,32,3,1,5,10,0
2365,98,2,5,41,85,1
1801,65,2,2,6,33,1
192,6,5,1,5,18,0
638,17,3,1,13,20,0
1741,18,6,1,13,18,0
555,41,5,6,36,42,1
1597,33,4,4,15,52,0
633,30,2,2,14,29,0
603,23,5,6,4,106,1
753,45,2,6,2,71,1
1778,45,3,4,22,29,1
1469,98,1,1,12,17,1
1958,42,5,4,9,75,0
2078,22,6,4,4,6,0
2454,48,5,6,22,114,1
114,14,2,2,14,42,0
2249,62,3,3,17,30,1
26,16,4,4,24,47,0
402,15,6,4,7,13,0
434,12,3,1,4,25,0
2186,28,5,1,1,11,0
581,43,4,6,21,28,1
2086,27,3,1,7,25,0
1130,100,1,5,22,62,1
251,14,6,4,31,62,1
2289,69,2,1,7,12,1
798,19,3,2,3,18,0
724,34,3,5,29,59,1
768,56,1,6,18,28,1
785,24,5,3,22,40,0
2257,38,6,4,17,65,0
88,14,6,4,28,68,0
865,30,2,2,0,44,0
1449,46,3,3,19,49,0
2144,33,4,3,14,35,0
2158,75,3,6,17,89,1
1041,58,2,6,43,81,1
854,37,3,5,32,47,1
96,16,1,4,6,54,0
2100,26,3,1,2,8,0
417,25,3,6,27,99,1
1678,30,4,2,0,7,0
157,17,1,2,6,14,0
2334,175,1,2,1,44,1
241,37,3,6,38,59,1
1960,37,6,6,18,84,1
375,14,4,2,12,31,0
1684,64,3,6,23,30,1
445,9,3,1,4,23,0
408,14,2,1,6,19,0
1244,41,2,5,18,30,1
1424,17,6,4,0,20,0
572,9,4,1,0,4,0
2499,53,5,5,32,44,1
1294,66,2,3,26,37,1
782,28,5,4,27,44,1
2407,74,1,1,4,18,1
2047,49,2,3,8,47,1
1353,54,2,5,11,38,1
2195,31,4,1,8,25,0
1583,17,6,1,1,23,0
1001,30,5,6,10,20,0
2425,51,2,3,0,24,1
1256,22,2,1,2,24,0
369,16,4,2,9,21,0
930,46,4,6,33,70,1
2386,33,6,6,6,33,1
972,16,5,1,3,11,0
1837,108,1,6,1,38,1
1623,33,6,4,18,28,0
1650,72,1,3,5,14,1
2226,69,3,4,31,76,1
226,18,2,5,9,76,0
387,13,5,4,7,60,0
128,9,6,2,10,31,0
199,39,2,6,40,77,1
379,24,5,6,19,100,1
1811,27,5,2,19,32,0
2206,34,5,6,8,69,0
661,30,2,4,7,53,0
1892,36,6,5,14,19,1
1521,14,4,1,1,13,0
779,15,2,2,0,18,0
2431,37,5,4,26,69,1
790,23,6,4,20,65,0
1726,33,3,4,4,34,0
2217,93,1,1,12,17,1
2408,26,5,3,2,39,0
1321,63,3,6,20,52,1
1259,28,4,6,3,14,0
532,23,5,5,15,95,0
531,29,3,3,24,62,1
792,28,5,6,30,38,1
2330,70,2,5,25,88,1
945,37,6,5,34,73,1
2240,63,3,4,5,42,1
1698,16,6,2,0,27,0
497,42,2,4,20,40,1
1860,38,2,1,6,22,0
855,40,6,6,33,54,1
2181,83,3,5,41,59,1
2471,31,6,2,14,35,0
2013,37,6,6,5,96,1
1758,78,1,5,1,58,1
695,34,3,5,23,57,1
2170,140,1,4,27,52,1
2179,25,5,2,0,19,0
1577,22,6,2,0,23,0
1255,47,5,6,27,53,1
48,21,3,5,35,42,1
789,20,6,2,19,37,0
1266,24,5,2,15,31,0
2206,50,4,6,7,22,1
1937,63,2,4,0,3,1
311,15,6,3,25,33,0
2295,73,2,1,2,15,0
656,38,1,3,10,26,1
672,18,5,2,16,42,0
2293,127,1,5,24,59,1
1769,21,6,1,9,21,0
2260,43,2,1,11,17,1
265,27,2,5,40,65,1
607,14,5,1,6,26,0
671,17,6,5,11,83,0
244,9,4,1,7,21,0
1378,41,4,6,16,68,1
779,23,5,6,4,87,0
222,14,6,3,13,24,0
472,6,5,1,1,2,0
2493,38,6,4,16,29,1
292,47,1,5,34,72,1
1496,17,5,1,6,13,0
1440,28,6,6,0,16,0
97,40,4,6,35,103,1
1077,32,6,5,14,70,1
470,23,6,4,18,79,0
2335,23,5,1,2,12,0
2478,182,1,1,9,18,1
1734,69,1,4,4,19,1
1386,79,1,4,18,65,1
524,44,1,4,4,14,0
712,29,3,6,11,47,0
1663,34,5,5,18,83,1
2076,70,2,4,11,78,1
32,31,5,5,35,65,1
2470,49,3,3,11,36,1
1063,35,1,1,1,19,0
1840,33,3,1,0,18,0
2165,38,4,2,18,35,0
1314,37,4,3,15,20,0
1144,43,5,4,33,66,1
2193,41,5,4,32,51,1
371,34,2,6,48,112,1
2186,73,2,3,17,47,1
1909,49,4,4,28,73,1
1294,59,1,2,12,21,1
524,19,3,5,4,49,0
458,20,2,1,8,17,0
1933,21,6,3,23,46,0
1516,51,2,1,12,24,0
1257,116,1,5,37,76,1
1865,89,1,3,0,4,1
883,27,5,5,9,52,1
1438,71,3,4,32,76,1
2359,137,1,4,22,41,1
2288,71,2,4,10,12,1
1764,88,2,5,23,89,1
932,27,4,5,23,42,1
2169,148,1,5,6,28,1
1046,9,6,1,1,17,0
1426,36,5,5,20,79,1
2291,72,3,4,19,21,1
323,17,6,2,20,36,0
2266,37,5,5,9,66,1
2007,52,2,2,14,16,0
1047,22,6,4,14,40,0
1666,55,5,5,39,89,1
1788,51,2,1,7,8,0
1024,26,2,1,1,16,0
1103,36,2,2,5,27,0
1134,74,2,6,36,80,1
707,14,2,1,1,8,0
2189,33,4,1,11,21,0
1414,14,6,1,9,19,0
1165,32,5,4,3,80,0
1053,12,4,1,6,11,0
1939,40,4,3,12,22,0
1023,72,1,5,16,89,1
236,12,1,1,8,13,0
1838,136,1,6,25,104,1
1502,59,3,6,27,87,1
831,42,1,1,0,20,0
2033,21,5,1,11,15,0
880,12,4,3,4,38,0
2462,19,5,1,6,9,0
2259,18,6,1,7,19,0
2095,166,1,5,19,91,1
1805,33,3,6,1,54,1
197,8,6,3,3,54,0
1090,42,3,6,14,87,1
950,24,6,3,5,29,0
2330,72,4,6,21,41,1
535,15,5,1,11,16,0
345,49,2,6,31,48,1
1088,33,5,6,19,38,1
171,18,1,3,3,50,0
603,19,2,2,0,32,0
1948,41,3,3,14,32,0
2216,32,4,3,17,35,1
69,13,4,3,13,54,0
1911,45,3,4,2,21,0
2268,123,1,4,28,49,1
415,27,3,4,26,29,1
673,12,6,3,4,19,0
1142,77,1,2,2,17,1
1109,42,2,3,21,24,1
551,18,3,1,6,14,0
1347,60,1,2,5,10,0
1007,61,2,4,25,57,1
1150,39,3,6,0,91,1
877,34,4,6,18,105,1
2076,60,3,5,6,82,1
441,13,5,2,3,40,0
749,23,3,4,11,40,0
1383,25,5,2,19,35,0
192,16,2,2,17,44,0
2170,80,3,6,40,69,1
1216,42,2,3,18,42,1
1179,33,2,1,5,19,0
840,67,1,5,3,76,1
1661,53,2,4,0,25,1
1146,43,2,2,8,14,0
485,27,3,5,14,96,1
1336,20,3,2,7,22,0
980,36,4,6,14,55,0
1029,40,1,1,1,5,0
1151,80,2,6,38,56,1
1846,149,1,5,21,52,1
170,18,5,4,17,37,0
2458,56,2,2,15,39,1
207,10,1,1,1,12,0
1293,58,4,6,35,83,1
669,25,4,5,19,23,0
1785,67,2,6,15,29,1
1080,20,5,2,2,40,0
2020,22,4,2,1,6,0
408,27,4,4,34,55,1
1743,20,5,1,9,25,0
1592,126,1,3,24,54,1
2135,36,4,6,4,12,1
2181,32,3,2,1,19,0
84,14,6,5,19,57,0
2194,53,6,6,33,82,1
611,29,4,4,33,38,1
846,51,1,4,19,42,1
1538,96,1,2,17,43,1
509,29,2,2,19,24,0
1606,45,3,2,20,33,0
147,23,1,3,13,22,0
2107,29,5,2,14,33,0
1804,85,3,6,43,80,1
982,38,6,6,42,71,1
1652,32,3,1,10,21,0
1895,50,5,5,38,76,1
2311,50,4,2,11,32,0
2038,74,5,6,47,114,1
1910,50,5,6,4,34,1
1459,33,4,6,1,61,1
556,26,4,3,21,60,0
931,31,4,5,15,44,1
590,29,4,4,29,59,1
1382,59,4,6,46,56,1
1966,36,5,2,10,38,0
2013,95,2,6,37,48,1
2106,125,2,5,41,80,1
713,54,1,4,23,33,1
2318,64,2,3,18,29,1
2413,30,6,1,13,22,0
1635,60,2,2,4,36,0
647,12,5,1,8,24,0
1019,36,4,3,26,54,1
650,38,4,5,38,76,1
1871,43,5,5,10,49,1
1215,27,6,3,13,40,0
695,34,2,6,22,34,1
1861,27,5,3,20,42,0
197,17,1,2,15,25,0
1629,42,4,4,20,68,1
1697,25,3,1,6,20,0
994,61,1,1,6,26,0
557,17,6,5,3,94,1
1441,175,1,6,32,56,1
885,21,5,5,13,18,0
627,37,2,2,18,37,0
2471,70,4,3,26,34,1
1375,18,6,1,4,10,0
1253,20,6,2,3,34,0
912,42,3,5,30,79,1
172,27,1,5,17,73,1
1984,44,3,1,11,21,0
279,30,2,5,30,93,1
641,46,2,6,29,89,1
915,46,3,5,20,50,1
2024,59,4,4,29,48,1
1651,82,2,3,22,55,1
214,29,3,5,40,52,1
591,42,1,4,3,16,0
1589,38,3,2,4,41,0
850,34,3,5,40,51,1
1846,57,5,6,44,105,1
1261,28,2,2,9,15,0
1729,42,4,5,26,98,1
1652,28,4,1,13,24,0
2307,38,5,4,12,67,1
884,27,6,4,20,26,0
1474,18,4,1,12,18,0
2253,58,3,3,20,28,1
699,27,5,6,39,41,1
2020,115,1,4,14,26,1
1432,37,2,2,19,25,1
2011,71,2,6,19,100,1
681,30,2,4,4,41,1
1181,37,3,3,21,40,0
1505,72,1,2,5,42,1
953,40,5,6,29,55,1
2256,31,5,2,4,24,0
1459,42,2,1,12,22,0
905,57,1,5,28,63,1
2199,81,1,1,4,26,1
1346,108,1,6,24,71,1
174,12,4,5,12,23,0
2371,28,4,1,7,20,0
2078,62,2,5,30,45,1
1115,77,1,4,19,33,1
1763,24,6,2,7,32,0
2362,127,1,5,8,97,1
1948,50,5,4,20,48,1
380,15,5,3,18,36,0
1890,46,2,1,12,23,0
862,24,6,3,19,59,0
393,57,1,6,14,112,1
1941,44,6,4,25,78,1
434,25,2,3,21,54,0
2218,29,5,3,9,33,0
638,23,5,4,10,73,0
904,18,4,2,4,9,0
2384,104,2,5,40,54,1
607,37,2,6,10,77,1
2346,137,1,6,26,84,1
602,40,1,1,13,26,0
1697,37,4,5,18,41,1
582,11,3,1,1,26,0
2085,55,6,6,37,66,1
2100,88,3,5,22,54,1
1714,43,3,3,20,36,1
2480,57,2,2,0,11,1
186,6,6,3,2,24,0
538,13,2,2,2,13,0
1643,36,6,4,27,68,1
975,12,5,1,13,17,0
1527,27,2,1,3,7,0
207,35,2,4,29,40,1
862,24,2,5,4,35,0
1547,38,4,4,14,26,1
2079,99,2,6,37,83,1
1090,79,1,4,13,63,1
107,13,1,2,13,16,0
1913,60,6,6,48,70,1
444,15,5,4,7,16,0
646,13,4,1,7,15,0
597,14,6,3,18,42,0
353,27,1,2,8,36,0
1327,21,4,2,10,25,0
1989,35,4,5,12,18,1
580,21,5,3,26,58,0
620,21,4,2,18,25,0
1737,63,2,4,25,67,1
2300,40,4,2,20,34,1
1864,34,5,2,18,43,0
969,10,6,2,4,18,0
2089,29,5,5,8,93,1
2448,36,5,2,19,35,1
2334,115,1,2,2,43,1
541,35,2,5,31,50,1
1187,91,1,6,4,97,1
2440,28,6,3,7,57,0
1101,37,3,6,13,108,1
1911,14,6,1,7,15,0
893,27,2,5,2,29,0
2271,70,4,5,23,96,1
1688,19,5,2,12,42,0
2433,39,3,2,10,14,1
2270,54,2,1,12,26,1
2136,116,1,2,7,41,1
1759,41,5,4,30,59,1
791,20,6,2,17,32,0
2115,109,1,2,17,40,1
890,37,2,4,6,9,0
456,13,2,1,5,16,0
2123,29,6,4,15,75,0
1793,66,3,5,32,70,1
1287,20,6,4,2,30,0
2001,39,4,3,5,58,1
1077,55,1,5,3,21,1
1587,25,3,2,3,23,0
1021,28,5,5,3,66,0
2284,35,4,1,9,16,0
783,16,3,1,8,18,0
1824,137,1,4,16,30,1
2436,75,2,5,16,77,1
1211,13,5,2,0,23,0
1460,18,6,1,3,9,0
316,28,1,6,13,21,1
788,28,4,2,19,29,0
2325,68,4,6,26,70,1
17,12,2,3,10,41,0
485,34,2,6,2,67,0
1330,15,5,1,7,26,0
2221,41,6,4,29,53,1
494,14,5,3,7,47,0
914,50,2,5,21,83,1
568,23,2,2,9,29,0
1977,26,4,1,0,22,0
2295,55,2,3,7,19,1
1137,33,3,3,21,58,0
1243,53,1,1,0,5,0
477,27,2,5,20,25,1
2443,58,5,5,38,60,1
857,26,6,4,23,29,1
2444,38,6,6,8,111,1
268,19,6,5,25,64,0
292,17,3,4,8,33,0
1659,30,5,6,19,34,1
1908,36,3,3,23,40,1
49,5,2,1,2,26,0
2277,190,1,5,35,89,1
1024,18,6,4,8,33,0
622,21,5,3,21,35,0
1925,27,6,5,0,65,0
697,16,3,2,4,34,0
622,20,4,3,8,30,0
2317,97,2,5,36,62,1
2423,193,1,3,5,31,1
1791,49,2,1,2,17,0
1820,26,4,1,7,21,0
1557,56,1,1,9,13,1
1940,86,4,6,42,93,1
1162,41,2,2,12,27,0
584,16,3,1,3,17,0
1920,47,2,2,3,29,0
1022,24,2,1,10,19,0
679,60,2,6,43,68,1
278,13,5,3,4,7,0
1293,56,4,5,29,93,1
933,34,4,5,9,20,0
1135,13,6,1,8,19,0
1539,45,4,5,28,69,1
1768,18,6,1,7,16,0
1604,25,5,1,6,11,0
256,20,3,4,20,46,0
1570,21,6,4,8,49,0
2188,66,2,4,1,42,1
2410,37,3,2,3,44,0
2253,35,5,4,7,62,1
1949,28,4,1,12,20,0
939,33,6,6,13,47,0
236,40,2,6,48,113,1
274,25,1,3,12,33,0
1405,89,1,4,20,48,1
1467,41,3,6,23,31,1
655,23,4,4,17,26,0
2268,106,1,3,12,24,1
1428,59,3,6,39,44,1
1483,19,5,1,9,24,0
1397,39,3,2,11,42,0
1909,63,3,4,32,79,1
1259,66,3,6,30,81,1
991,55,2,6,17,87,1
1164,25,3,3,2,28,0
597,13,6,1,11,16,0
485,33,3,5,24,34,1
1831,130,2,6,44,102,1
995,48,2,2,9,24,0
2213,46,5,3,14,59,1
1251,60,4,6,33,99,1
199,27,1,6,2,78,1
1450,114,1,3,13,53,1
990,30,3,3,6,25,0
1708,32,5,4,7,25,0
1725,80,3,6,31,86,1
50,25,1,5,28,75,1
2364,72,2,2,19,41,1
952,13,4,1,5,10,0
347,10,5,1,12,20,0
1347,74,2,5,28,78,1
1108,20,4,3,9,28,0
2336,48,5,3,23,26,0
905,28,5,3,16,46,0
2330,203,1,6,30,96,1
1684,57,2,3,20,47,1
940,17,5,3,1,28,0
298,47,6,6,37,80,1
733,39,5,6,36,58,1
2329,36,4,5,3,18,0
1963,72,1,4,1,24,1
1099,38,3,6,11,105,1
492,24,1,2,2,25,0
945,24,3,3,5,31,0
2305,73,2,4,7,22,1
165,7,2,1,4,9,0
1080,53,5,5,34,55,1
1968,46,6,4,14,39,1
2258,94,2,6,6,97,1
1693,29,5,3,14,52,0
133,22,1,3,12,37,0
2058,53,2,3,5,31,1
977,65,1,4,16,34,1
864,36,1,3,3,18,1
649,27,6,6,21,87,1
2248,88,2,4,31,66,1
1612,77,1,3,26,57,1
451,9,6,1,5,14,0
1954,16,6,1,10,14,0
1848,48,2,2,13,21,0
1839,39,6,3,14,59,0
2200,69,2,3,27,61,1
542,31,2,4,21,59,1
2284,87,3,4,27,50,1
1346,85,1,3,9,60,1
958,17,4,2,5,33,0
2029,61,2,3,27,45,1
469,38,1,6,8,21,1
560,31,6,4,33,53,1
402,9,5,3,3,53,0
1797,57,2,4,8,72,1
854,13,6,3,14,21,0
2267,43,6,5,19,38,1
1148,21,6,4,7,26,0
655,15,6,2,18,43,0
2276,49,6,5,18,84,1
2464,75,2,6,15,48,1
1476,34,4,3,10,12,0
1387,60,3,6,41,116,1
151,10,6,4,7,16,0
510,41,6,5,32,42,1
849,33,3,6,9,64,1
1692,59,2,2,17,33,1
1575,100,1,4,34,75,1
2056,33,5,5,2,22,0
1540,60,5,6,39,54,1
605,44,1,5,26,58,1
1914,72,2,5,27,37,1
290,39,5,6,45,98,1
433,10,3,1,5,14,0
279,30,1,3,14,49,0
163,13,4,4,13,46,0
1760,60,2,4,6,68,1
671,68,1,4,9,67,1
1977,38,5,5,14,36,1
92,23,2,6,30,95,1
1459,33,3,3,9,15,0
1308,35,2,2,16,32,0
2341,94,2,4,28,62,1
989,57,3,6,48,93,1
2230,34,6,3,11,46,0
1669,33,3,3,14,18,1
1408,33,2,1,9,18,0
642,35,3,6,11,72,1
1541,24,6,4,24,29,1
796,77,1,5,40,68,1
407,16,3,3,4,48,0
1153,19,3,3,3,12,0
943,30,2,2,11,13,0
1470,75,1,1,8,20,1
1862,42,4,3,24,55,1
295,9,4,3,2,22,0
274,20,5,5,2,61,0
2377,79,3,5,25,60,1
2146,40,3,2,17,26,0
1687,93,1,6,16,79,1
1236,17,6,2,9,35,0
830,17,4,2,1,29,0
1772,39,5,5,23,28,1
2391,125,1,6,10,93,1
2279,61,3,5,23,42,1
50,3,4,1,2,25,0
1741,30,5,4,22,65,1
77,21,2,4,31,37,0
997,16,4,1,6,23,0
1809,53,5,4,33,80,1
1631,193,1,6,40,112,1
1665,65,2,5,18,92,1
1288,25,5,4,1,60,0
704,27,5,6,1,96,0
1095,25,3,5,14,22,0
2489,50,6,6,20,91,1
1703,22,4,1,2,15,0
2325,61,3,2,4,10,0
1068,20,2,1,10,19,0
788,25,6,4,26,67,1
503,27,5,5,23,91,1
1595,43,3,6,6,19,1
1502,21,6,4,5,18,0
1800,43,4,4,32,55,1
670,29,2,2,16,37,0
1358,84,1,4,16,61,1
1337,28,3,2,13,20,0
1309,69,2,5,41,56,1
1996,223,1,5,29,57,1
2054,49,3,6,7,47,1
1938,42,2,2,7,38,1
1357,36,2,1,13,21,0
1068,32,6,5,6,61,0
986,27,3,6,5,12,0
491,14,2,1,3,6,0
737,22,5,5,0,65,0
1041,41,3,5,14,79,1
352,37,2,6,30,90,1
1457,38,6,6,24,86,1
2389,130,1,3,14,32,1
2495,201,1,4,32,55,1
2231,47,5,4,34,68,1
536,15,3,1,6,11,0
1906,22,6,4,4,78,0
668,23,2,1,4,21,0
2083,104,2,5,35,53,1
829,46,1,3,16,48,1
415,16,6,3,20,28,0
2289,48,5,5,13,50,1
1583,103,1,6,28,74,1
1821,69,1,2,7,34,1
514,15,5,2,1,37,0
188,16,3,4,0,56,0
141,28,2,6,28,72,1
1856,23,3,1,3,16,0
1488,29,6,3,18,61,0
2405,63,4,4,28,77,1
781,15,4,5,4,47,0
1439,43,4,6,31,45,1
2133,36,5,3,27,38,0
588,28,1,1,3,23,0
1525,29,3,1,7,20,0
203,16,2,2,18,42,0
2017,42,4,4,11,16,0
1195,30,3,5,0,26,0
2404,33,4,3,6,12,0
1394,15,4,1,0,12,0
1802,47,2,3,1,15,0
1120,35,6,5,6,94,0
2271,30,6,3,16,41,0
1946,23,6,4,2,16,0
789,14,5,2,5,35,0
271,30,1,3,21,39,0
739,45,5,6,42,75,1
292,13,3,2,17,34,0
1500,49,5,5,41,53,1
371,11,3,2,4,20,0
450,21,3,3,22,45,0
2150,123,1,3,22,30,1
1654,66,2,6,20,34,1
876,59,1,1,7,13,0
1457,41,6,6,25,67,1
151,21,6,3,21,38,0
1324,25,5,2,14,29,0
1465,54,3,6,20,95,1
1885,50,4,6,19,116,1
1857,22,4,1,6,18,0
1722,38,3,3,3,24,0
710,42,1,3,20,39,1
1007,44,2,5,20,40,1
2106,99,1,1,0,13,1
1335,42,3,5,14,17,1
890,30,3,5,16,40,1
1223,75,2,5,13,43,1
1169,39,5,4,18,67,1
564,39,5,5,33,78,1
413,30,2,6,5,109,1
901,21,5,2,12,20,0
611,30,4,6,48,74,1
1840,34,5,6,5,26,1
350,19,5,3,20,34,0
1978,36,5,4,4,46,1
713,29,4,5,6,52,1
327,15,5,3,0,40,0
1396,17,6,1,12,26,0
2439,42,4,1,2,19,0
2290,81,2,3,21,42,1
1810,101,1,2,0,14,1
1377,43,2,3,12,29,0
1582,99,1,3,10,57,1
826,33,2,4,26,45,1
562,8,6,1,6,18,0
865,53,1,1,3,14,0
1822,122,1,5,2,16,1
192,19,3,6,24,55,1
1584,78,1,3,0,9,1
406,33,1,3,7,34,0
1737,46,3,2,16,35,0
1527,19,5,1,12,13,0
916,17,5,2,13,27,0
1366,65,3,4,22,79,1
2184,42,4,5,23,75,1
10,8,1,2,5,17,0
28,6,1,1,10,22,0
593,32,3,4,26,67,1
465,20,3,3,5,59,0
2046,45,4,4,22,35,1
1142,45,6,6,30,102,1
1962,28,5,2,3,43,0
2160,52,2,1,0,3,1
997,17,6,2,4,27,0
529,9,5,3,2,9,0
868,75,1,3,3,50,1
183,6,6,1,6,23,0
1376,46,3,6,4,74,1
2488,54,4,5,14,50,1
736,19,5,4,5,32,0
1720,44,4,4,9,32,1
1885,28,5,3,21,31,0
1691,23,6,2,15,35,0
1357,104,1,2,16,43,1
999,64,2,6,45,64,1
429,24,4,5,19,56,0
603,21,4,2,11,35,0
1784,54,2,4,14,18,1
2469,30,4,2,11,14,0
945,28,4,5,21,85,1
1117,25,5,4,5,70,0
1146,17,5,2,3,41,0
341,26,2,4,22,35,1
2098,92,1,3,11,31,1
1803,24,6,3,12,29,0
968,36,6,6,18,36,1
114,25,4,3,21,46,0
211,17,1,2,12,16,0
1852,80,2,5,30,34,1
1876,50,2,4,2,76,1
2006,31,5,1,11,23,0
1299,22,4,3,2,56,0
919,35,3,3,13,39,0
219,8,2,1,1,21,0
572,10,4,1,10,25,0
1573,111,1,2,18,25,1
780,20,5,4,9,23,0
638,24,6,3,16,59,0
1638,98,1,5,14,80,1
1711,51,2,2,18,39,1
396,16,2,2,8,39,0
1945,107,1,5,3,57,1
2353,87,2,5,14,79,1
2315,93,4,6,47,97,1
1114,49,2,5,7,97,1
277,4,5,1,0,8,0
2476,42,4,3,20,26,1
2292,58,3,6,0,36,1
1866,51,2,1,6,13,1
2008,113,2,6,30,66,1
1390,27,5,3,17,45,0
1246,41,5,6,11,103,1
583,14,6,1,13,21,0
58,29,1,4,32,36,1
1160,76,1,3,26,41,1
232,21,1,2,14,31,1
1441,27,5,3,6,57,0
1538,107,1,3,27,38,1
1829,112,1,3,16,52,1
2334,66,3,4,2,42,0
1471,64,1,1,10,23,1
1140,36,2,2,5,16,0
1691,22,6,1,5,16,0
2477,40,5,6,14,85,1
384,24,4,6,6,31,0
2130,59,6,6,42,76,1
2031,42,3,1,13,26,0
1063,27,5,5,26,58,1
1899,37,5,4,16,36,1
1833,80,2,5,17,85,1
1484,46,6,6,21,78,1
2252,41,6,4,25,56,1
1189,50,1,1,2,18,1
1074,81,2,6,26,88,1
2080,103,1,1,7,25,1
369,35,1,4,23,35,1
2051,19,5,1,3,26,0
1151,13,6,1,7,23,0
1645,86,1,2,20,37,1
1413,57,3,5,28,75,1
1953,50,3,5,20,23,1
688,20,6,5,2,26,0
2497,71,3,3,22,55,1
16,15,5,2,13,29,0
2478,130,2,6,26,102,1
1601,33,4,6,8,63,0
842,99,1,6,32,106,1
1820,50,4,5,32,63,1
923,48,2,5,25,34,1
2021,78,2,2,11,18,1
1452,19,5,1,10,24,0
1460,58,3,5,30,45,1
1512,34,3,6,0,99,1
135,4,2,1,3,5,0
2452,47,5,5,11,96,1
826,20,5,4,16,52,0
1839,27,6,3,14,31,0
585,64,1,5,33,84,1
2382,80,3,4,15,69,1
1425,34,2,2,3,29,0
939,22,6,4,7,37,0
1473,19,4,2,1,42,0
842,35,3,5,24,33,1
1064,58,1,2,14,30,1
1658,41,5,4,27,76,1
1910,51,2,3,8,53,1
1467,24,3,1,1,17,0
1409,17,4,1,0,17,0
452,48,1,3,25,30,1
2132,138,1,6,9,108,1
566,8,6,1,8,23,0
1188,52,3,5,30,98,1
2047,35,4,6,1,62,1
372,43,1,5,23,68,1
1267,43,2,4,18,37,1
1851,161,1,4,16,80,1
2319,56,4,6,42,56,1
1860,63,5,6,48,66,1
2182,44,5,6,9,60,1
920,41,6,6,27,94,1
254,9,3,2,5,13,0
551,35,4,6,47,79,1
2179,34,6,6,27,116,1
2182,135,1,4,0,56,1
1582,141,1,5,2,29,1
2227,32,5,4,14,26,0
133,4,6,1,3,9,0
1741,21,5,2,9,30,0
795,35,2,2,20,34,1
2053,50,5,5,36,67,1
2258,68,2,6,14,42,1
2426,134,1,4,22,76,1
806,14,6,1,13,18,0
86,18,2,4,14,54,0
68,14,6,6,9,43,0
2488,40,6,6,8,31,1
1533,66,2,3,11,53,1
1946,67,3,4,4,58,1
2166,59,5,5,24,63,1
1311,67,2,4,25,38,1
77,14,1,2,7,28,0
2362,15,6,1,5,8,0
1942,43,4,5,24,65,1
374,26,2,3,15,35,0
830,14,5,1,11,25,0
1412,16,6,1,8,20,0
2400,64,3,2,9,40,0
956,79,1,2,15,36,1
1587,29,3,2,9,24,0
1387,35,4,5,8,20,0
1449,66,2,4,25,55,1
771,9,6,1,2,16,0
350,29,2,4,26,60,1
392,23,5,4,30,75,1
1013,33,2,2,18,29,0
1566,79,1,4,5,24,1
309,12,4,1,12,25,0
148,9,3,1,12,14,0
368,20,4,6,4,58,0
845,22,6,3,13,43,0
1532,47,2,5,1,24,0
1637,39,6,4,22,30,1
1992,49,3,5,18,32,1
1313,40,6,5,23,83,1
918,26,5,5,19,95,1
1144,58,4,6,46,71,1
2196,92,3,5,26,56,1
1005,44,3,6,23,82,1
2492,33,3,1,0,23,0
2330,177,1,4,24,35,1
2161,79,4,6,45,66,1
1247,26,6,3,22,43,0
1794,54,3,5,30,90,1
174,18,4,3,27,42,0
1008,13,3,1,1,13,0
1317,17,5,1,10,23,0
666,14,5,2,4,38,0
2221,62,5,5,41,63,1
1919,59,2,2,7,11,1
2056,51,3,3,5,39,1
2121,97,2,4,27,77,1
1150,23,4,2,14,16,0
1899,52,2,1,11,17,0
276,21,4,5,24,40,1
1855,34,4,3,5,34,0
1718,50,4,6,43,100,1
2303,27,6,1,11,24,0
2452,122,2,6,40,84,1
1520,26,6,4,33,72,1
485,20,3,5,12,17,0
986,28,2,4,7,32,0
1217,35,3,4,12,38,0
1053,42,3,5,35,77,1
1970,29,4,5,5,20,1
567,45,2,6,37,76,1
1027,49,3,4,31,41,1
1615,43,5,3,20,55,0
892,42,3,6,43,103,1
2204,33,5,5,6,62,1
675,23,2,1,9,21,0
1781,36,6,6,14,24,1
873,33,2,2,16,43,0
591,15,6,3,9,58,0
704,25,6,6,22,67,1
1261,84,2,5,37,73,1
1620,72,3,5,40,54,1
1249,109,1,3,14,54,1
2464,42,3,2,15,24,1
408,40,3,6,39,50,1
1956,68,4,6,15,89,1
724,35,4,4,31,68,1
713,14,3,1,4,23,0
1724,44,5,5,17,39,1
1982,45,6,6,19,110,1
91,36,4,6,45,51,1
613,35,3,6,1,115,1
1980,105,1,2,2,34,1
1720,30,5,1,13,24,0
2056,74,2,6,38,54,1
912,35,3,3,14,22,0
374,19,3,5,0,82,1
172,24,6,4,21,80,1
1873,28,5,3,13,62,0
125,31,4,5,27,48,1
2394,41,4,2,20,36,1
890,19,4,1,12,24,0
849,20,2,1,5,14,0
2204,34,5,5,0,69,0
1356,32,5,3,20,37,0
2500,52,4,4,3,38,0
1046,12,4,2,2,30,0
952,25,6,5,29,83,1
1734,76,1,2,1,42,1
2344,105,1,1,2,17,1
1147,35,3,6,19,59,1
31,15,3,6,22,32,1
1759,47,5,4,24,45,1
692,17,5,2,14,37,0
1843,101,2,5,37,58,1
2377,105,2,4,22,76,1
135,21,1,3,19,22,0
286,13,3,6,1,100,0
2009,109,1,5,14,33,1
1237,97,1,2,19,23,1
2251,75,3,4,34,43,1
705,33,2,5,9,22,0
1319,24,6,4,13,73,0
66,28,6,4,26,59,1
28,12,6,4,13,48,0
2321,35,3,2,2,28,0
122,13,4,5,32,95,1
551,11,4,1,3,22,0
588,10,4,1,0,12,0
1098,16,5,2,1,27,0
34,10,2,2,18,26,0
1582,74,2,6,23,116,1
2058,25,5,4,3,33,0
1582,148,1,5,35,81,1
150,23,6,5,12,92,1
1777,52,4,3,25,46,1
657,16,6,3,8,48,0
2245,37,4,1,6,10,0
210,11,6,3,15,40,0
266,26,1,3,17,52,0
556,8,6,1,2,13,0
2251,38,6,6,19,96,1
811,16,3,1,9,18,0
951,36,6,3,23,38,0
423,31,3,5,21,67,1
2024,94,2,3,15,52,1
1391,23,5,4,2,71,0
1108,13,6,4,10,31,0
919,33,2,4,24,35,1
197,39,3,6,41,114,1
2025,26,6,2,15,20,0
1323,21,6,4,7,35,0
2102,106,1,5,8,21,1
2140,90,2,6,14,75,1
1156,39,4,2,20,33,0
367,8,4,2,2,12,0
1561,98,1,4,3,80,1
1099,31,3,3,12,34,0
1690,23,4,1,11,16,0
2432,45,4,3,20,35,1
171,8,5,3,8,39,0
2379,97,2,2,13,41,1
459,26,3,2,18,43,0
1507,55,6,6,38,113,1
1046,73,2,6,47,67,1
2241,43,3,2,19,27,1
2168,58,4,5,36,69,1
1960,58,5,5,30,72,1
1323,41,2,1,9,18,0
2352,41,4,2,17,36,0
1248,40,3,4,19,66,1
983,46,2,6,17,63,1
641,16,6,2,10,42,0
1600,64,2,5,21,75,1
1060,23,4,2,11,16,0
1598,66,2,5,17,94,1
2378,35,6,2,1,38,0
1703,40,5,4,22,28,1
446,8,5,1,0,7,0
1566,40,4,4,9,74,0
1086,21,3,5,0,52,0
1314,60,4,6,37,47,1
2088,38,5,6,38,58,1
2394,208,1,3,16,40,1
192,17,1,4,8,39,0
1479,40,2,2,6,23,0
1489,12,6,1,0,10,0
1599,40,2,2,2,30,0
1597,104,1,2,15,19,1
669,27,5,4,17,71,0
169,6,2,1,0,8,0
2469,35,4,3,3,13,0
1021,19,6,2,10,35,0
62,5,4,1,3,5,0
2465,36,6,3,8,30,0
1055,19,5,2,7,15,0
1063,33,2,1,7,20,0
2317,24,6,4,4,36,0
1238,57,4,6,11,93,1
1504,60,2,6,0,101,1
1499,37,2,2,14,20,0
1045,22,4,2,17,31,0
1960,77,1,1,5,17,1
859,53,6,6,41,46,1
363,10,4,2,13,14,0
1108,31,5,3,20,46,0
1749,44,3,2,7,44,0
1474,32,4,6,2,87,1
1000,46,2,5,21,50,1
1274,47,2,6,25,71,1
1894,35,4,3,18,27,1
1819,25,3,1,11,22,0
2351,46,4,3,11,39,1
2266,93,3,5,38,49,1
1121,59,3,5,35,71,1
827,16,5,2,20,31,0
1809,20,6,2,8,13,0
1970,90,2,6,47,61,1
2447,77,2,4,25,57,1
2382,56,3,3,12,27,0
898,66,2,6,35,96,1
1865,182,1,4,23,78,1
1190,81,3,6,40,78,1
677,44,2,5,25,48,1
642,53,1,2,20,22,0
1652,19,5,2,17,35,0
146,18,2,6,14,19,1
1956,95,1,2,14,19,1
1707,26,4,1,5,16,0
437,29,6,6,42,96,1
1485,37,4,5,30,74,1
828,72,1,6,27,75,1
2198,59,3,6,7,13,1
1116,36,3,2,20,36,0
2234,73,2,5,16,56,1
207,31,4,6,48,94,1
2005,44,3,2,17,44,1
2458,46,3,3,3,6,0
480,34,4,5,30,85,1
2275,42,5,4,33,68,1
1958,37,3,1,1,9,0
938,17,6,4,2,70,0
2020,177,1,5,29,31,1
915,54,2,6,7,77,1
2232,43,3,2,19,43,0
32,18,6,5,6,69,0
244,10,6,1,11,22,0
1134,40,3,5,18,50,1
938,19,5,2,14,19,0
532,60,1,4,13,55,1
1818,72,2,3,15,59,1
440,23,3,4,13,49,0
802,17,2,2,2,18,0
1639,28,4,2,17,40,0
1746,23,6,1,12,19,0
542,18,6,5,5,74,0
1756,51,3,5,22,53,1
1685,66,3,4,27,35,1
1326,26,4,3,13,25,0
922,21,5,3,13,24,0
1134,18,3,1,3,23,0
1535,24,6,2,12,44,0
1337,36,2,1,10,21,0
1033,76,1,5,34,58,1
1586,85,2,6,44,79,1
1388,35,5,6,1,63,1
1529,114,1,6,40,86,1
1691,39,2,2,12,19,1
2007,46,2,1,7,19,0
236,22,4,4,23,64,1
1269,43,5,5,28,37,1
882,27,6,6,2,72,0
901,25,4,3,12,36,1
1488,52,1,1,3,9,0
1046,29,6,5,1,31,0
2267,55,4,5,19,63,1
406,17,5,3,21,37,0
1133,32,3,3,20,30,1
2088,42,3,3,14,27,0
658,85,1,6,48,110,1
338,26,3,6,31,39,1
1492,24,4,1,12,23,0
961,67,1,3,9,41,1
2015,27,6,4,0,79,0
2026,70,5,5,37,69,1
1888,81,1,3,2,45,1
1206,22,6,5,6,58,0
1782,81,1,2,12,29,1
171,15,2,2,12,36,0
1761,51,2,3,16,53,1
785,55,1,5,0,92,1
1837,42,3,2,13,23,0
2331,106,2,3,25,42,1
1061,18,5,5,2,54,0
2383,44,6,3,13,57,0
949,43,4,6,23,96,1
549,26,2,5,0,24,0
831,42,1,2,15,41,1
1471,39,3,3,9,40,0
1098,21,4,2,12,30,0
365,11,6,3,3,35,0
244,7,6,1,8,19,0
2284,49,2,2,13,23,1
1558,18,6,2,3,20,0
2106,26,6,4,9,42,0
127,40,3,6,39,90,1
2111,39,3,2,2,7,0
1683,45,3,5,6,71,0
1077,63,1,3,9,48,1
2110,23,6,1,2,13,0
567,21,6,5,1,20,0
1825,42,6,5,14,54,1
2015,44,5,5,8,39,1
407,21,3,5,16,73,1
684,14,4,1,13,17,0
396,25,2,4,17,65,0
2168,39,4,6,14,69,1
2074,142,1,2,17,22,1
893,84,1,5,23,82,1
550,12,6,2,11,21,0
180,20,4,2,20,42,0
2466,43,6,5,25,84,1
749,24,5,4,7,57,0
1411,77,1,2,1,7,1
2287,85,1,3,1,4,1
128,7,4,2,4,39,0
2161,148,1,6,30,43,1
2005,39,5,5,32,90,1
1715,16,5,1,5,9,0
1732,28,5,2,3,32,0
2232,77,2,4,5,19,1
1707,38,5,3,22,48,1
1454,21,5,3,12,30,0
1769,40,2,1,2,23,1
1534,54,6,6,42,114,1
674,16,3,1,12,16,0
42,16,1,6,7,57,1
2112,23,5,2,6,37,0
2069,103,1,5,12,22,1
1561,30,4,4,0,18,0
729,37,1,3,5,48,0
2430,17,6,1,6,10,0
493,24,2,4,26,38,1
982,74,1,6,14,89,1
316,39,1,5,33,51,1
466,57,1,3,25,43,1
2217,57,3,3,24,62,1
340,22,3,6,22,87,1
234,22,4,5,23,70,1
1489,65,2,3,14,61,1
1092,123,1,5,34,73,1
653,42,1,3,3,9,0
625,53,1,2,11,35,0
204,45,1,6,36,116,1
498,26,3,5,16,58,1
2214,43,6,4,30,66,1
1259,14,6,2,5,13,0
2469,41,4,4,9,68,1
1112,38,5,6,26,45,1
1157,37,2,3,9,36,0
1251,19,6,4,5,22,0
525,24,1,2,5,43,1
1635,38,6,5,14,98,1
1137,15,4,1,3,10,0
402,12,5,4,6,32,0
640,9,6,1,2,24,0
1857,68,4,6,48,80,1
989,52,3,4,25,66,1
443,32,5,4,30,66,1
287,20,4,5,1,92,0
242,24,6,3,27,46,0
1562,41,3,2,9,17,0
1604,34,4,2,12,43,0
1123,35,4,2,17,32,0
2419,67,6,6,29,111,1
35,16,5,3,22,60,0
1427,34,3,1,10,26,0
2324,114,1,2,12,37,1
470,11,2,1,2,15,0
1101,26,5,3,23,27,0
1016,41,3,6,28,64,1
2004,41,4,3,23,44,1
500,22,3,5,4,52,0
1082,36,2,2,2,36,0
225,19,6,6,18,65,1
1733,64,2,5,12,18,1
1602,71,1,2,4,25,1
168,19,1,3,11,15,0
695,25,2,3,13,28,1
1786,40,5,4,21,55,1
2062,30,5,4,8,19,0
1853,42,4,3,16,18,1
2418,113,1,3,7,44,1
2305,36,4,1,9,16,0
1599,92,1,1,12,23,1
1706,61,2,5,4,90,1
2479,45,5,4,28,63,1
1956,46,5,4,21,72,1
2072,60,2,3,16,28,1
1155,29,4,3,2,30,0
2334,57,4,5,27,46,1
1591,73,3,6,37,41,1
2267,121,1,6,13,39,1
2359,61,4,6,46,62,1
1942,82,2,4,13,37,1
1767,26,4,1,10,15,0
2060,35,5,6,10,58,1
999,55,1,2,8,17,0
1551,40,6,5,37,95,1
1126,71,3,6,46,101,1
502,37,1,2,11,32,1
629,28,5,6,5,114,0
2388,19,5,1,0,22,0
2390,21,5,1,8,20,0
2107,56,5,6,15,109,1
1556,68,2,2,19,42,1
872,34,3,5,14,53,1
1701,21,6,2,1,38,0
1615,35,5,5,16,69,1
2329,36,5,6,2,64,1
589,18,4,5,2,12,0
1900,46,3,3,4,34,0
1285,71,1,4,16,38,1
1865,32,3,4,0,25,0
1365,23,3,1,6,9,0
1172,24,6,3,25,38,0
366,32,3,4,18,55,1
1634,51,6,6,29,83,1
2331,34,5,5,13,89,1
2016,44,5,5,12,62,1
2368,69,2,2,19,40,1
879,12,6,2,8,31,0
895,48,6,5,40,50,1
2011,169,1,6,47,101,1
2211,43,4,5,11,74,1
1423,38,3,2,9,23,0
1293,72,1,4,5,50,1
629,7,6,1,1,5,0
892,44,1,2,1,20,0
806,76,2,6,40,43,1
2182,46,4,4,18,22,1
1306,22,6,4,5,53,0
628,13,6,4,1,67,0
1844,46,3,3,14,61,1
254,13,4,3,16,52,0
939,37,2,4,15,65,0
1280,39,5,6,27,76,1
529,40,1,5,20,64,1
2419,77,3,6,7,103,1
17,8,6,3,9,33,0
2029,28,5,2,9,17,0
504,23,2,3,17,60,1
1639,31,4,5,9,42,0
1072,72,1,1,8,26,0
196,15,3,3,27,43,0
1887,39,6,6,23,82,1
2150,46,6,6,18,64,1
95,29,5,4,32,55,1
146,8,5,4,3,79,0
2478,164,1,4,2,38,1
2131,32,4,1,9,25,0
1646,45,2,5,11,82,1
2228,41,4,2,17,33,0
1761,44,4,6,22,40,1
2227,59,4,6,19,105,1
1797,135,1,5,5,15,1
881,31,1,1,4,23,0
2379,81,2,4,33,50,1
953,40,4,5,41,79,1
1636,72,1,2,1,31,1
358,34,2,4,29,79,1
1686,22,6,2,8,14,0
1206,61,2,3,26,50,1
19,8,4,2,9,37,0
1471,43,3,4,33,68,1
676,17,4,3,7,27,0
1532,44,3,4,23,62,1
2186,163,2,6,48,54,1
610,27,6,4,16,57,0
336,13,6,3,3,58,0
989,58,1,2,17,33,1
2461,31,6,6,11,23,0
638,7,5,1,0,12,0
1639,46,2,1,8,25,1
283,14,1,1,12,20,0
694,10,6,1,2,6,0
125,24,2,5,16,76,1
870,18,4,1,1,24,0
2013,20,6,3,7,14,0
702,14,3,1,4,16,0
1115,48,2,4,15,75,1
2381,101,1,1,0,19,1
2171,26,4,2,6,32,0
1802,35,5,3,19,31,0
163,12,4,3,7,40,0
1910,43,6,6,7,101,1
1437,48,3,5,22,83,1
1299,35,4,4,31,71,1
324,16,5,3,10,21,0
1074,74,1,2,14,35,1
114,4,2,1,1,4,0
1934,46,3,3,5,21,0
1923,25,5,2,11,29,0
1226,16,6,1,11,26,0
1434,53,6,5,37,83,1
2411,34,6,3,17,59,0
1782,48,3,3,23,51,1
1970,38,4,2,19,32,0
1613,32,3,6,8,28,0
718,21,6,4,7,16,0
660,33,5,5,18,53,0
956,30,2,4,7,25,0
670,21,2,3,1,57,0
2156,43,3,4,3,67,1
2339,20,6,1,5,16,0
2460,162,1,5,2,16,1
1142,45,3,4,34,40,1
709,10,6,1,2,16,0
2256,45,4,2,10,30,0
2048,85,2,4,28,75,1
2384,93,2,5,9,67,1
2211,45,2,1,11,25,1
561,70,1,4,29,73,1
414,13,6,2,17,25,0
471,18,6,4,23,72,1
2189,24,6,1,8,25,0
883,32,6,4,23,56,1
93,21,1,5,25,35,1
1432,24,5,3,2,53,0
230,11,3,1,6,23,0
1401,26,3,1,10,26,0
121,5,6,1,9,21,0
624,10,4,1,1,21,0
1591,47,2,4,12,32,1
484,56,1,5,28,38,1
1923,26,4,2,5,29,0
280,26,4,5,12,42,0
2478,22,6,1,8,14,0
1930,162,1,6,25,98,1
1400,42,3,4,19,66,1
49,12,2,6,4,90,0
1992,75,3,4,19,54,1
2246,36,4,1,13,17,0
1003,44,2,4,13,47,1
2022,30,5,1,7,24,0
299,26,4,5,12,53,0
2490,78,3,3,23,55,1
288,23,3,4,14,42,0
590,7,6,1,2,9,0
872,37,3,6,0,80,1
263,15,1,1,5,23,0
190,34,4,6,33,100,1
690,24,2,4,2,56,0
834,22,3,2,13,31,0
709,36,6,6,40,88,1
1359,22,6,1,12,17,0
1390,23,3,4,7,30,1
1683,62,1,1,0,25,1
2448,34,6,2,15,23,0
1648,56,2,3,9,48,1
1967,36,4,2,20,36,1
221,20,5,5,9,82,0
1548,117,1,4,24,79,1
393,7,6,2,5,11,0
1724,40,4,3,21,28,1
351,7,5,1,0,23,0
1848,47,3,4,3,60,1
1997,43,3,6,3,6,1
853,31,2,2,1,23,0
1544,34,5,3,10,43,0
429,15,3,2,3,42,0
1998,49,3,5,20,76,1
1942,29,6,4,20,29,0
1859,36,2,1,4,21,0
315,14,4,3,3,55,0
878,20,3,2,0,13,0
1145,60,1,4,25,26,1
1444,80,1,2,18,32,1
215,11,4,4,1,46,0
505,19,5,5,8,52,0
1919,63,2,2,12,41,1
1055,28,6,5,17,51,0
222,54,1,6,47,103,1
319,55,1,6,47,63,1
2001,40,4,3,24,26,1
281,37,5,5,41,45,1
1832,36,5,4,10,77,0
2089,59,4,3,24,59,0
452,38,1,2,3,26,0
2219,67,2,2,9,22,1
263,41,1,4,34,76,1
530,11,5,1,5,10,0
986,11,6,1,2,25,0
19,9,1,2,8,31,0
1593,65,2,4,34,73,1
2493,43,3,1,1,19,0
1144,98,1,5,39,70,1
162,10,4,2,7,9,0
1668,56,3,6,14,56,1
1866,35,4,5,6,22,0
1224,34,4,4,18,45,1
1762,46,4,6,39,87,1
1114,102,1,5,41,84,1
904,9,5,1,0,11,0
1121,20,3,1,0,25,0
113,24,2,6,44,104,1
1924,33,5,3,25,39,0
1016,56,1,2,12,43,1
416,35,4,6,47,71,1
1411,68,2,4,28,49,1
176,9,3,2,8,19,0
518,28,5,5,41,80,1
1671,22,6,4,5,12,0
2370,36,5,4,4,48,1
772,17,2,1,1,16,0
690,40,1,5,10,81,1
2130,35,3,1,8,17,0
1174,36,2,1,5,24,0
591,15,4,3,7,40,0
271,13,3,1,8,18,0
1373,23,5,2,8,14,0
1341,41,2,4,7,14,0
2302,28,5,1,11,17,0
1548,36,5,6,39,82,1
570,9,5,2,2,34,0
1109,82,1,5,12,56,1
1913,37,5,4,18,67,0
184,25,4,6,33,42,1
2166,68,4,6,31,61,1
2240,72,3,5,15,94,1
201,35,6,6,35,74,1
74,11,5,2,17,41,0
1507,32,5,5,13,69,1
1577,73,2,6,29,65,1
1161,92,1,5,1,38,1
1947,37,6,5,12,62,1
378,11,3,1,10,22,0
860,12,6,1,10,25,0
52,4,5,1,4,22,0
1917,70,2,6,16,52,1
87,33,1,4,30,67,1
1834,49,3,2,14,21,0
1303,35,6,6,19,107,1
683,12,3,1,4,16,0
710,28,5,5,6,24,0
768,41,3,6,17,96,1
1933,79,2,5,10,44,1
911,36,3,5,31,70,1
1002,25,4,5,26,39,1
1201,62,2,3,25,50,1
2396,49,6,4,27,53,1
2250,87,1,2,17,24,1
1486,82,1,2,1,6,1
2340,33,5,1,3,9,0
399,14,5,3,3,47,0
1009,31,4,6,12,78,1
534,26,6,6,23,45,1
1865,124,1,2,15,24,1
1516,133,1,4,28,36,1
668,50,1,5,35,43,1
900,46,1,1,1,9,0
1491,34,3,4,17,30,1
461,13,6,2,16,21,0
2485,55,2,3,7,37,1
1547,47,2,1,9,14,0
892,22,4,2,14,41,0
322,33,3,6,40,44,1
849,46,1,1,0,19,0
384,21,1,2,1,17,0
460,18,5,6,5,23,0
604,44,5,6,28,89,1
1243,58,4,5,26,97,1
509,33,1,3,4,40,1
473,32,4,5,33,51,1
122,18,3,2,17,33,0
1045,38,2,4,9,51,1
2388,224,1,5,37,80,1
1934,41,6,4,16,77,1
149,20,3,6,12,21,0
1434,63,1,2,19,36,1
526,22,6,3,27,48,0
1957,47,5,4,26,65,1
2175,57,4,2,20,43,0
897,24,5,4,1,78,0
1351,72,2,5,33,94,1
59,9,5,2,6,35,0
28,20,1,5,37,67,1
735,7,6,1,0,7,0
2254,37,5,2,11,35,0
1483,113,1,4,11,55,1
461,13,2,1,2,19,0
2346,39,6,5,8,17,0
1174,21,5,5,9,26,0
1117,33,4,4,16,39,0
2448,27,4,1,1,6,0
224,34,6,6,39,110,1
1559,22,4,3,6,13,0
2272,35,5,4,9,48,0
137,14,5,5,11,50,0
1855,19,6,2,14,42,0
769,19,5,1,11,24,0
2461,141,1,6,3,8,1
1825,75,2,3,3,59,1
2395,30,4,2,0,5,0
370,26,1,1,9,17,0
578,41,6,6,43,78,1
1425,35,4,4,33,43,1
2275,214,1,6,46,89,1
1607,30,5,4,16,62,0
1702,16,6,1,6,18,0
211,37,6,6,37,106,1
2074,37,4,3,11,60,0
2379,54,5,6,32,74,1
527,12,4,1,11,16,0
1358,43,3,2,20,36,0
1445,72,1,2,13,20,1
1351,50,3,6,35,77,1
690,60,1,6,4,41,1
1998,79,2,4,32,41,1
1501,14,6,1,0,8,0
434,12,4,4,5,61,0
1978,72,2,3,4,32,1
1722,49,2,2,1,26,0
2444,30,6,5,4,35,0
787,36,6,5,25,75,1
2155,73,1,1,8,18,1
1836,43,3,1,2,18,0
217,13,5,5,12,53,0
1547,71,1,1,11,19,1
1669,26,5,2,4,6,0
2223,84,2,3,1,62,1
31,20,5,3,26,58,0
163,11,3,4,3,13,0
1972,108,1,2,17,33,1
228,5,6,1,4,15,0
678,21,3,1,9,16,0
1528,46,3,4,12,42,1
2287,113,1,4,1,50,1
2077,21,6,1,9,25,0
959,21,3,1,13,24,0
2205,33,6,2,9,29,0
412,29,4,4,21,79,1
605,11,4,2,7,22,0
2424,60,4,6,24,92,1
1447,17,5,1,12,17,0
1167,45,3,5,7,74,1
1752,118,1,5,20,46,1
1316,98,1,6,20,110,1
82,6,5,1,5,24,0
490,52,1,4,32,51,1
569,37,4,5,26,66,1
754,34,3,4,21,36,1
1476,110,1,5,29,56,1
109,14,1,4,8,68,1
1092,60,2,5,34,76,1
2315,73,2,4,17,38,1
422,53,2,6,41,113,1
1098,20,3,2,4,43,0
1187,27,4,4,26,38,1
2018,25,6,2,5,14,0
2323,46,4,2,7,28,0
830,13,4,1,7,17,0
671,50,3,6,38,115,1
569,26,3,2,20,31,0
1281,43,2,3,17,25,1
1823,108,1,2,13,43,1
619,21,5,4,14,60,0
2471,40,5,2,9,34,0
34,24,6,4,25,38,0
2038,212,1,4,31,73,1
293,14,6,3,6,20,0
1482,35,2,2,6,42,0
310,11,6,2,10,43,0
1101,115,1,5,31,40,1
1040,77,1,5,12,29,1
826,10,5,1,1,11,0
92,10,2,4,5,18,0
1930,56,3,3,22,37,1
2103,32,6,5,10,62,1
627,16,5,2,7,32,0
2319,23,6,1,3,11,0
185,6,6,3,0,15,0
1199,72,3,6,39,51,1
851,34,2,2,7,42,0
379,31,1,2,18,39,1
1828,56,4,6,34,97,1
2111,25,6,4,4,60,0
699,37,4,4,34,64,1
1789,55,2,5,13,83,1
1374,45,4,5,20,80,1
1442,25,6,2,14,17,0
376,16,3,2,16,21,0
653,24,4,5,17,39,0
2436,102,2,6,33,53,1
82,14,2,5,11,98,1
1281,39,3,2,15,32,0
869,20,4,3,3,14,0
52,3,4,2,1,4,0
2434,196,1,3,27,53,1
1074,21,5,3,13,34,0
2227,56,2,2,10,23,1
2269,154,1,1,12,24,1
1526,58,2,5,30,61,1
2096,96,1,4,24,30,1
378,10,5,2,6,38,0
160,25,1,3,9,53,0
1144,38,2,2,0,29,0
1513,31,4,5,24,31,1
1469,52,2,6,27,46,1
1080,19,6,3,3,49,0
1033,27,3,4,17,27,0
1608,29,3,4,5,37,0
2050,30,6,4,1,55,0
1399,43,3,6,2,95,1
78,6,3,1,13,21,0
2356,39,5,3,7,22,0
953,42,4,6,30,72,1
811,24,4,3,15,21,0
2353,85,2,6,18,72,1
2260,41,6,6,5,107,1
70,12,1,1,13,18,0
955,46,2,3,2,29,0
1347,75,2,6,47,72,1
1194,30,2,1,0,24,0
340,15,2,2,11,18,0
1561,42,4,5,29,79,1
347,56,1,6,45,102,1
1639,60,2,4,18,50,1
1337,17,4,1,5,25,0
1536,30,2,1,2,24,0
1683,49,3,6,8,17,1
1371,37,2,1,6,26,0
1583,23,6,2,13,43,0
284,6,6,1,4,16,0
1197,100,2,5,40,67,1
2376,45,5,5,6,22,1
2444,50,3,4,8,76,1
2003,90,1,2,3,29,1
879,40,2,5,24,88,1
1024,105,1,6,48,94,1
1921,40,3,3,11,19,0
612,21,2,3,5,12,0
1809,31,5,3,17,53,0
700,49,4,6,39,105,1
503,9,5,1,4,10,0
499,27,5,6,14,83,0
399,9,4,1,2,24,0
304,10,4,3,1,38,0
1402,26,6,4,3,74,0
1727,55,4,4,31,64,1
658,20,2,1,1,19,0
1883,85,1,3,13,28,1
577,26,6,6,28,47,1
454,16,6,4,1,7,0
372,19,1,1,1,26,0
2180,31,6,6,26,37,1
1221,41,4,3,27,34,1
751,11,5,2,6,26,0
2051,73,3,3,11,28,0
689,14,4,3,5,11,0
2477,53,5,6,17,37,1
1652,52,5,6,35,71,1
1582,48,6,5,18,50,1
1368,61,2,5,26,45,1
2149,94,2,6,44,54,1
72,12,6,6,19,62,1
1172,27,6,2,20,32,0
1238,51,1,2,1,33,0
265,35,1,3,7,37,1
144,18,3,4,18,65,0
884,26,3,2,8,37,0
831,27,3,3,25,36,0
2145,35,3,1,11,19,0
832,16,5,5,3,51,0
983,24,5,4,30,38,1
1787,144,1,3,15,36,1
130,29,2,6,9,62,1
1647,15,6,1,5,21,0
1374,55,2,5,9,58,1
1017,23,4,1,12,20,0
934,21,5,3,8,31,0
654,11,3,2,6,9,0
2042,64,3,5,35,72,1
2078,29,4,1,2,21,0
251,11,2,2,3,27,0
2360,53,3,4,18,31,1
1629,43,2,3,27,28,1
812,21,6,3,18,49,0
973,29,4,5,11,69,1
78,5,2,1,13,20,0
1162,20,6,4,12,29,0
205,17,2,6,24,51,1
2197,77,2,5,35,90,1
2340,74,3,6,24,94,1
2369,224,1,5,27,74,1
755,11,5,1,9,17,0
1698,52,2,4,29,40,1
286,12,2,1,4,6,0
70,10,2,3,16,20,0
1923,115,1,6,17,38,1
2109,20,6,2,10,29,0
2210,51,4,3,14,56,1
1782,43,3,3,20,32,1
1344,112,1,6,21,58,1
1847,46,6,5,38,47,1
576,22,2,3,17,50,0
1581,24,6,4,5,69,0
631,34,1,3,17,45,1
2035,143,1,4,15,34,1
1210,50,1,1,1,16,0
323,20,4,5,0,53,0
2154,36,5,4,29,31,1
1246,48,3,3,25,29,1
146,42,4,5,36,90,1
1039,31,4,5,22,64,1
2166,30,5,4,0,55,0
671,23,4,4,18,49,0
2482,214,1,2,13,39,1
2318,78,1,2,2,29,1
96,11,6,5,1,55,0
2133,123,2,6,36,85,1
2471,47,4,6,16,30,1
1318,37,2,2,17,28,0
1710,41,3,3,0,14,0
504,22,1,1,5,8,0
1657,46,6,5,40,86,1
1952,31,3,1,10,14,0
1078,11,6,2,4,19,0
1434,45,5,4,31,62,1
606,71,1,5,18,90,1
459,12,3,2,9,31,0
494,20,5,3,19,61,0
655,33,3,5,24,47,1
1639,29,6,5,20,41,1
671,21,5,6,13,42,0
767,24,5,4,21,27,0
298,33,1,5,25,42,1
730,34,2,4,10,62,1
647,13,6,2,6,14,0
2292,37,6,3,16,32,0
2473,47,5,3,17,40,1
508,11,5,5,6,37,0
643,53,1,5,19,40,1
1683,58,2,2,5,22,0
2040,37,6,6,10,12,0
124,29,4,6,43,78,1
683,27,4,6,15,32,0
1746,92,2,4,26,73,1
1267,38,3,6,10,65,1
2263,134,1,3,15,40,1
2304,115,2,4,22,23,1
156,13,4,2,11,34,0
2175,44,5,3,26,55,1
421,13,4,3,7,42,0
1697,20,5,1,2,11,0
2420,132,1,2,1,28,1
1542,18,5,2,5,22,0
146,7,2,1,3,20,0
28,22,5,4,23,55,1
2252,63,3,6,28,97,1
2387,95,2,6,46,109,1
1969,201,1,6,45,61,1
2232,149,2,6,33,61,1
1011,31,3,6,19,62,1
458,27,1,1,1,20,0
1958,30,4,2,13,17,0
955,42,3,4,17,47,1
1387,77,1,3,1,40,1
1532,26,5,6,0,23,0
150,5,2,1,3,23,0
1930,126,1,4,33,76,1
102,18,2,4,10,51,0
248,20,5,4,26,34,0
214,13,1,1,6,23,0
1466,30,4,3,5,49,0
254,34,3,6,43,88,1
841,45,1,4,2,80,1
304,10,5,1,13,20,0
865,65,1,2,11,20,0
2074,44,2,1,13,22,0
80,6,6,1,6,20,0
1302,40,1,1,0,19,0
1358,39,4,4,19,74,1
314,18,1,1,5,14,0
1040,19,3,2,5,11,0
1347,73,1,4,10,29,1
826,9,6,2,2,21,0
1136,30,2,5,3,32,0
830,44,1,1,12,18,1
202,19,4,6,9,91,1
1786,47,5,6,28,96,1
538,49,1,4,0,39,0
2228,146,1,6,39,114,1
260,18,3,4,7,52,0
1798,32,4,1,8,19,0
2036,36,6,3,5,57,0
2473,36,5,3,16,34,0
1413,44,2,2,18,35,0
1177,44,1,1,0,12,0
2082,50,6,6,14,40,1
1106,19,5,1,12,17,0
1857,86,2,5,30,81,1
514,23,6,3,20,49,0
1631,32,4,6,2,22,1
2393,44,4,3,1,44,0
2482,37,5,1,2,8,0
1397,84,2,6,40,105,1
1232,32,4,2,15,19,0
727,10,5,1,7,18,0
348,13,4,2,12,34,0
668,35,4,6,20,104,1
971,25,6,3,11,55,0
438,16,6,5,27,85,1
908,28,4,4,11,49,0
148,13,3,3,0,60,0
551,18,6,2,19,21,0
2114,38,2,1,7,18,0
1265,32,5,6,48,52,1
2492,52,5,3,20,49,1
393,39,2,5,38,52,1
203,36,2,6,40,103,1
2242,60,2,2,16,22,1
1905,145,2,6,41,110,1
2349,149,1,6,35,92,1
741,11,5,1,5,12,0
2173,192,1,4,25,39,1
694,17,4,2,6,20,0
91,5,4,1,6,19,0
2390,45,5,4,7,27,0
2392,35,4,1,13,20,0
541,29,2,4,25,40,1
1993,107,1,4,23,68,1
230,21,2,4,23,26,1
644,10,4,1,7,16,0
1779,47,6,6,47,69,1
2380,148,1,4,11,33,1
1884,84,2,6,46,77,1
12,10,5,2,7,30,0
1727,87,2,5,8,98,1
215,13,6,6,2,81,0
1865,39,4,5,20,61,1
49,15,1,4,30,48,1
2116,50,5,5,23,55,1
653,46,1,5,3,88,1
1540,39,5,4,19,56,1
1917,120,1,6,15,40,1
2153,25,4,4,9,21,0
907,21,5,2,10,29,0
1095,48,3,3,25,58,1
1289,63,1,1,12,19,1
2405,146,1,4,4,18,1
680,27,2,4,10,69,0
1515,36,5,5,28,45,1
2374,28,6,2,12,28,0
728,43,3,5,14,95,1
1081,31,4,6,5,80,1
1965,66,2,4,14,34,1
1169,38,3,4,19,79,1
259,21,5,5,33,93,1
2371,54,3,4,1,36,1
1902,149,1,6,43,65,1
1863,126,1,3,15,35,1
1513,28,2,1,2,18,0
1244,10,5,1,1,15,0
53,3,5,1,0,20,0
592,26,3,3,13,38,0
1298,54,2,4,23,73,1
229,29,5,5,27,60,1
1935,25,6,2,15,26,0
2458,59,6,4,31,79,1
1000,65,1,3,4,15,0
1822,50,3,6,9,69,1
867,30,4,3,16,20,0
813,44,1,1,12,25,0
499,17,2,4,8,15,0
1790,18,5,1,7,15,0
1503,88,1,2,3,38,1
1715,64,4,6,28,94,1
2324,29,4,1,11,25,0
63,12,6,2,15,24,0
625,26,2,3,22,32,0
1092,44,1,1,10,21,0
1858,28,3,1,10,16,0
964,71,1,5,6,17,1
2443,81,6,6,48,69,1
1639,67,4,6,44,86,1
659,20,2,3,3,49,0
2357,69,2,5,13,87,1
404,16,3,2,9,28,0
1369,50,2,2,9,21,0
2453,30,6,3,9,51,0
380,26,6,6,43,51,1
867,8,6,2,1,37,0
800,54,2,3,25,40,1
667,17,2,2,8,26,0
1402,26,6,4,7,64,0
393,11,2,1,4,22,0
2119,120,2,6,13,114,1
248,12,4,4,6,38,0
204,13,1,3,6,32,0
2118,28,5,3,8,58,0
1162,42,2,4,2,34,0
2025,27,5,1,13,26,0
165,4,5,1,0,11,0
932,33,4,5,21,86,1
1619,66,2,2,13,36,1
984,32,6,5,25,37,1
1240,21,5,1,9,25,0
2445,77,2,4,27,64,1
1824,47,3,2,12,30,0
847,26,6,4,13,42,0
2017,47,3,5,8,38,0
1373,46,3,3,18,48,1
2397,40,5,4,25,32,1
213,21,3,5,1,41,0
170,19,4,5,10,44,0
401,21,4,5,16,64,0
778,18,5,3,1,46,0
1103,43,2,3,18,38,0
414,25,1,3,6,48,1
617,26,2,2,17,36,0
1624,53,2,3,12,44,1
1550,42,2,3,4,21,0
1847,73,2,3,17,60,1
699,23,6,4,22,73,0
1250,83,1,3,25,41,1
2113,27,6,2,15,25,0
375,22,3,5,7,78,0
1732,78,2,4,25,57,1
464,12,4,1,8,22,0
113,8,5,3,0,57,0
86,24,5,5,27,63,1
239,19,6,5,13,44,0
1947,37,6,4,33,47,1
2388,42,4,1,10,17,0
1215,67,2,6,30,79,1
902,49,1,2,5,33,0
1583,86,3,6,48,58,1
2084,31,5,5,4,49,0
1685,55,3,6,30,41,1
308,52,1,5,36,41,1
966,27,6,6,14,60,0
1124,24,5,5,14,29,0
1484,41,3,5,4,89,1
374,21,6,4,27,60,0
1708,96,1,1,0,9,1
360,21,3,5,10,97,0
2310,74,2,2,10,30,1
1914,17,6,2,5,13,0
1021,94,1,3,22,48,1
508,40,3,5,39,78,1
959,37,2,5,1,93,1
2004,59,2,5,14,21,1
2056,128,1,6,22,46,1
517,20,4,5,21,58,1
1337,30,5,5,8,92,0
175,18,1,2,14,38,0
929,25,2,1,7,25,0
123,11,2,1,13,23,0
1001,73,1,3,15,39,1
1961,45,4,2,13,22,0
2264,37,5,5,29,52,1
1268,19,3,1,12,21,0
524,46,1,4,8,69,1
1241,25,5,4,0,44,0
718,15,5,4,7,34,0
2195,38,6,5,17,59,1
348,36,2,5,26,69,1
77,11,3,3,17,24,0
1606,138,1,3,25,46,1
1574,53,2,3,16,27,1
392,36,6,6,31,82,1
28,22,6,4,20,27,0
2131,65,2,5,31,57,1
582,29,4,4,30,43,1
1309,21,5,3,4,38,0
2268,190,1,5,15,31,1
1953,112,1,2,13,40,1
660,53,1,1,13,20,0
1655,51,2,1,13,26,1
1003,36,4,3,13,52,0
1348,41,3,4,23,33,1
910,20,6,2,13,31,0
1694,72,2,5,34,76,1
1595,51,3,4,16,56,1
1933,24,6,3,13,35,0
1791,24,6,4,3,7,0
1146,25,4,3,10,43,0
2227,58,5,6,46,80,1
1954,80,1,1,13,16,1
1047,18,3,1,7,12,0
1748,62,2,4,1,46,1
297,11,3,2,10,23,0
2246,54,5,5,33,58,1
1600,105,1,3,22,42,1
1755,67,3,5,30,40,1
1108,17,5,1,4,21,0
2334,97,2,2,12,34,1
949,14,4,2,0,21,0
1458,25,6,5,6,75,0
580,22,2,1,6,15,0
1010,83,1,5,41,86,1
1215,27,6,4,12,48,0
927,27,2,2,10,17,0
1884,79,2,2,17,44,1
842,53,2,4,33,46,1
2250,77,2,1,1,12,0
1688,23,6,2,18,42,0
625,88,1,6,37,111,1
415,19,5,6,0,97,0
1759,94,3,6,42,74,1
102,8,4,3,17,27,0
2487,39,3,3,9,23,0
663,11,3,1,1,2,0
443,17,4,4,0,61,0
1145,34,6,5,15,36,0
384,26,1,1,9,23,0
1076,40,4,5,38,70,1
216,17,1,1,12,17,0
789,12,6,3,0,24,0
1329,37,3,6,22,24,1
1151,102,1,4,33,68,1
541,16,6,3,16,52,0
2223,52,6,4,24,73,1
99,33,5,5,41,59,1
1127,21,4,1,5,13,0
22,8,5,2,4,39,0
1867,37,3,2,7,35,0
814,27,4,4,29,80,1
954,29,3,6,4,73,1
1867,30,5,6,11,20,0
1620,27,6,4,6,74,0
1969,39,3,3,12,54,0
1062,18,4,2,12,13,0
305,25,4,3,16,59,0
935,32,3,5,3,35,0
649,20,4,2,17,21,0
2397,46,6,5,41,54,1
637,7,6,1,2,14,0
2496,47,4,3,11,59,1
1177,29,3,4,0,34,0
951,27,5,2,10,42,0
839,23,4,3,17,38,0
1780,32,4,4,12,18,0
985,11,4,1,0,7,0
964,24,4,2,7,29,0
1272,39,3,5,31,92,1
961,11,5,1,3,17,0
953,28,5,6,16,32,0
2212,154,1,4,33,77,1
1214,24,4,2,2,25,0
2145,37,4,2,2,20,0
1544,76,1,1,5,22,1
1106,25,5,2,9,43,0
188,30,2,4,23,30,0
2269,17,6,1,5,19,0
1838,55,2,5,17,87,1
1267,16,5,1,1,21,0
474,12,4,1,13,20,0
1784,86,2,5,38,69,1
1240,67,3,6,32,82,1
894,31,3,4,22,61,1
2423,199,1,6,24,71,1
2333,55,5,6,36,40,1
2437,55,5,6,26,90,1
1342,32,2,3,0,51,0
1664,33,4,6,20,49,1
954,33,5,3,26,56,1
934,34,2,5,9,29,0
1948,72,2,4,30,71,1
503,32,6,6,43,115,1
1556,26,6,2,19,23,0
1979,37,5,5,1,71,1
1104,51,2,3,22,39,1
2421,132,1,4,14,27,1
1835,77,1,1,11,16,1
772,14,6,4,12,70,0
2333,34,5,4,13,46,1
59,13,4,6,1,87,0
915,80,1,6,33,116,1
573,40,1,3,2,48,1
792,19,6,3,4,33,0
2050,44,6,6,24,92,1
1841,52,5,6,47,88,1
593,17,6,2,14,44,0
1329,30,3,2,11,37,0
245,20,2,5,8,23,0
2113,181,1,6,30,62,1
1952,41,3,1,13,19,0
369,29,4,2,20,42,0
1940,38,3,3,15,33,0
119,9,5,4,7,78,0
201,22,4,5,2,51,0
913,14,4,2,1,6,0
1126,27,6,4,15,16,0
871,31,3,4,18,57,0
1093,22,5,2,8,14,0
659,48,1,1,5,9,0
48,5,6,1,9,24,0
646,30,3,5,27,46,1
1046,40,1,1,3,17,0
45,13,3,5,9,16,0
2158,26,6,3,18,30,0
1371,80,1,2,12,35,1
1993,37,6,4,17,63,1
175,32,3,5,31,43,1
2440,31,4,1,13,19,0
1889,102,2,5,35,43,1
40,24,4,6,8,72,1
20,25,6,5,35,65,1
2021,24,6,1,12,21,0
2153,36,6,6,15,68,1
2249,172,1,6,27,107,1
495,8,5,1,4,10,0
1299,41,6,6,46,55,1
1457,23,4,2,1,30,0
2295,91,2,4,34,63,1
1953,21,6,2,3,31,0
1973,17,6,2,0,11,0
1861,21,6,1,6,25,0
1479,104,1,1,11,16,1
1376,22,6,4,16,33,0
1000,23,4,5,0,18,0
834,23,3,2,9,11,0
1472,41,5,6,22,43,1
2163,39,6,4,26,74,1
2238,134,1,2,18,36,1
2241,46,4,5,23,49,1
235,18,6,6,2,71,0
786,49,1,2,11,44,1
1122,33,3,3,2,41,0
697,26,2,4,14,35,0
539,6,6,1,0,13,0
981,29,4,2,17,35,0
945,116,1,6,31,111,1
1432,99,1,6,6,28,1
2163,37,6,4,18,72,1
1304,97,1,4,6,21,1
2008,67,2,6,4,51,1
1536,152,1,6,39,87,1
688,24,5,6,20,56,1
2450,36,5,2,15,23,0
49,34,1,6,47,98,1
1115,11,6,1,2,25,0
854,43,5,6,46,80,1
1753,22,4,1,6,14,0
2258,37,5,2,4,38,0
456,61,1,4,22,79,1
1244,11,6,1,10,20,0
1360,32,3,2,9,26,0
236,32,6,6,20,101,1
57,8,6,2,8,44,0
1472,38,6,6,32,59,1
1840,33,4,2,19,20,0
196,25,2,4,32,37,1
2402,158,1,1,7,19,1
2281,119,2,4,34,40,1
1942,39,3,3,1,38,0
858,57,2,6,35,76,1
2042,106,1,1,10,25,1
1262,83,1,4,18,61,1
1423,31,3,1,10,15,0
988,48,1,3,4,35,1
1622,60,3,5,28,80,1
1026,31,3,6,9,54,1
2245,157,1,6,39,99,1
1891,27,5,2,12,23,0
279,32,3,6,28,85,1
1640,116,1,6,4,61,1
319,18,5,4,11,65,0
2053,51,3,6,12,98,1
1584,47,5,6,21,108,1
1105,25,4,3,7,43,0
1705,27,6,3,14,33,0
1455,23,4,1,12,21,0
2177,15,5,1,0,8,0
229,35,3,6,37,45,1
62,35,1,6,42,53,1
1767,64,2,2,12,34,1
1484,77,1,1,4,17,1
1676,68,2,4,0,71,1
1270,70,2,6,10,92,1
729,37,3,4,21,48,1
415,28,5,6,34,79,1
2479,209,1,4,5,42,1
2304,55,5,5,27,88,1
81,33,4,4,30,52,1
1863,28,3,1,6,12,0
2242,61,3,6,7,30,1
2063,25,4,1,4,7,0
1239,84,1,4,16,22,1
1577,27,6,3,5,45,0
396,16,4,3,8,29,0
1801,82,1,3,9,39,1
708,38,2,6,19,37,1
1210,27,3,2,13,15,0
836,45,1,5,13,45,1
1832,35,5,4,25,79,1
358,13,5,2,16,23,0
1288,35,3,3,26,60,1
317,28,4,4,24,53,1
1160,18,6,2,15,28,0
1970,22,4,1,3,10,0
2344,104,1,3,1,61,1
775,15,4,2,15,28,0
734,49,3,6,32,74,1
1629,57,1,1,2,5,1
392,22,2,3,22,45,0
2445,44,4,5,10,71,1
534,21,4,3,15,56,1
285,22,6,6,17,44,0
346,55,1,5,40,89,1
1983,44,5,5,28,79,1
490,22,4,5,4,65,0
920,39,3,4,23,46,1
2006,49,4,4,28,68,1
1361,40,6,5,28,57,1
2043,56,2,1,11,16,0
1764,37,6,5,25,67,1
118,6,4,2,7,38,0
337,17,5,5,2,51,0
1809,37,4,4,1,36,0
324,27,1,4,24,51,1
1144,24,4,2,18,23,0
790,18,5,2,7,35,0
1530,93,1,3,1,10,1
165,6,3,1,2,13,0
1506,78,1,1,0,25,1
1734,28,6,1,13,23,0
896,46,2,6,26,108,1
731,33,6,4,34,71,1
922,36,1,1,8,16,0
880,18,3,3,4,38,0
22,10,4,3,5,19,0
507,32,1,1,3,22,0
1766,33,6,2,16,41,0
2295,196,1,3,20,35,1
1127,87,1,2,20,40,1
1204,76,1,4,30,68,1
2014,67,3,6,47,67,1
1657,32,5,3,21,44,1
1600,25,5,2,10,43,0
1500,60,1,1,1,9,1
152,16,3,4,14,71,0
1234,40,3,5,9,47,1
574,53,1,5,37,56,1
2441,24,6,1,4,12,0
1725,39,6,4,30,47,1
426,38,2,4,27,64,1
1858,154,1,4,30,55,1
2365,84,2,4,5,22,1
1727,38,6,5,13,47,1
1400,22,6,2,15,44,0
1077,97,1,4,24,62,1
1876,45,2,2,6,12,0
1131,41,2,4,1,48,0
1298,67,1,3,5,52,1
1816,84,2,6,40,81,1
2197,32,4,3,6,60,1
1514,34,6,6,33,93,1
1026,19,5,3,18,37,0
962,28,3,4,24,32,1
81,9,2,2,3,11,0
1700,64,2,6,15,94,1
1301,35,3,5,17,31,1
1354,50,2,1,12,24,0
2164,83,3,6,36,111,1
892,83,1,6,26,48,1
148,33,4,5,33,82,1
2330,58,4,4,10,60,1
1514,21,6,3,0,18,0
2473,39,5,3,12,18,0
742,21,2,2,4,7,0
1758,28,5,4,17,33,0
433,38,1,5,13,28,1
1601,31,4,4,12,76,0
399,73,1,4,31,76,1
351,24,1,3,6,45,0
955,45,2,5,7,76,0
623,23,1,1,1,4,0
502,20,4,6,6,20,0
201,22,5,3,19,31,0
508,31,4,5,15,42,1
831,26,2,2,10,16,0
1745,59,4,6,30,60,1
1266,47,3,6,26,28,1
1978,35,5,3,27,29,1
236,7,3,2,0,19,0
1404,34,3,3,20,47,0
2196,41,6,4,28,53,1
826,44,2,5,7,84,0
1483,64,1,2,0,25,1
1096,74,3,6,40,66,1
113,16,4,3,18,59,0
1884,185,1,6,20,71,1
880,21,4,2,8,24,0
677,40,4,6,20,37,1
2052,152,1,3,24,52,1
282,24,1,3,9,12,0
1039,19,4,1,7,18,0
2241,128,2,6,22,28,1
1061,13,5,1,10,25,0
1583,14,6,1,0,19,0
302,25,5,6,19,80,1
2234,62,2,2,7,13,1
2115,29,6,4,11,58,0
1302,79,1,3,0,25,1
317,18,6,5,9,70,0
986,16,4,1,3,13,0
1261,22,5,2,14,37,0
1280,25,6,6,5,84,0
1527,28,4,2,4,9,0
2140,53,2,2,4,37,1
1219,29,6,6,17,63,0
2309,72,4,5,27,56,1
1388,73,2,6,34,62,1
1783,128,1,5,21,59,1
1729,101,2,6,33,98,1
2052,51,2,1,3,19,0
805,27,5,5,17,93,1
906,18,4,1,8,12,0
1971,38,6,5,25,58,1
219,20,5,5,41,82,1
977,46,3,6,21,93,1
481,36,2,5,32,56,1
2427,37,3,1,12,15,0
932,49,5,6,42,91,1
146,16,4,3,13,60,0
376,11,5,1,9,18,0
193,13,4,3,18,44,0
1408,26,4,2,20,24,0
546,66,1,6,47,86,1
1612,49,2,2,7,24,1
1283,39,5,6,31,91,1
1106,39,4,6,30,37,1
1315,10,5,1,1,18,0
925,31,5,3,22,55,0
161,25,4,6,24,82,1
1038,20,6,3,6,43,0
1228,38,3,6,18,73,1
1987,60,2,3,6,47,1
280,19,2,2,14,33,0
1196,13,6,1,7,21,0
469,55,1,6,13,51,1
114,11,6,4,0,11,0
1720,105,1,3,12,40,1
2219,88,1,3,2,5,1
2408,60,6,4,27,51,1
443,11,2,1,5,11,0
149,15,3,3,18,38,0
1504,44,2,1,3,18,0
96,16,2,3,20,39,0
1721,54,2,5,2,6,1
2240,22,6,3,3,19,0
2425,27,6,5,4,13,0
138,25,6,6,25,108,1
1279,31,2,1,8,25,0
1611,31,3,3,9,25,0
679,38,1,2,7,11,0
158,12,5,2,11,32,0
994,55,1,4,2,3,0
861,49,1,2,17,42,1
1466,38,5,5,22,28,1
637,24,2,2,7,36,0
1502,36,3,2,0,26,0
2054,46,3,2,13,36,0
893,85,1,3,21,34,1
2351,46,5,4,22,76,1
1798,24,4,1,12,13,0
259,27,2,4,11,64,1
957,117,1,5,34,86,1
984,32,3,3,17,62,1
1335,37,6,6,20,83,1
993,19,6,3,12,46,0
898,21,5,2,14,34,0
2127,33,5,2,9,20,0
884,69,1,5,0,81,1
1336,68,4,6,37,100,1
480,18,3,3,8,58,0
1997,185,1,6,41,89,1
100,6,4,1,8,24,0
539,19,5,4,22,46,1
670,19,6,3,13,46,0
748,40,2,6,10,74,1
881,10,6,1,6,9,0
1696,26,3,1,7,13,0
201,19,3,4,25,42,0
1996,20,6,1,13,21,0
2195,47,6,5,33,59,1
354,11,4,1,13,21,0
1018,94,1,6,37,54,1
212,17,5,5,4,93,0
582,11,4,1,4,12,0
201,17,2,2,18,35,0
2062,13,6,1,2,5,0
1923,118,2,5,37,49,1
1726,65,2,1,11,21,0
320,10,4,1,9,19,0
2113,25,5,1,12,14,0
452,48,3,5,41,82,1
1270,68,1,1,6,21,0
879,42,3,4,29,45,1
594,19,5,6,2,67,0
1604,37,3,4,27,72,1
1547,33,6,5,32,82,1
369,11,6,2,9,17,0
1733,23,4,4,2,25,0
2087,96,2,6,4,52,1
1812,46,5,3,24,41,1
2021,40,5,6,18,41,1
2165,46,3,4,0,17,0
853,19,4,3,5,47,0
1635,53,3,5,8,53,1
900,30,3,6,4,68,0
2001,36,5,2,13,17,0
1992,38,3,3,9,34,1
969,39,2,3,1,4,0
1478,71,3,6,36,39,1
1471,53,2,4,32,65,1
741,19,5,3,24,40,1
615,47,4,5,41,98,1
624,24,6,6,28,114,1
2014,74,2,5,24,65,1
1729,40,4,6,8,19,1
683,23,4,5,2,45,0
1280,55,2,4,14,46,0
1597,31,5,6,3,9,0
1621,82,1,2,12,41,1
906,33,4,4,19,56,1
1472,39,4,5,22,60,1
287,42,5,6,36,103,1
561,17,5,4,7,54,0
1646,55,3,5,36,79,1
2168,22,5,1,7,22,0
2442,33,4,1,12,24,0
770,27,2,3,0,25,0
1459,79,1,2,0,36,1
414,9,3,1,6,21,0
1368,47,2,5,21,43,1
1242,82,1,4,4,53,1
31,39,1,6,45,74,1
687,48,1,4,14,64,1
2038,43,6,3,20,62,0
1241,73,2,4,24,33,1
2065,34,3,1,0,17,0
1818,47,3,4,6,12,0
538,31,1,1,5,17,0
2047,54,2,1,9,15,1
1686,22,6,2,17,28,0
666,71,1,3,27,48,1
175,19,5,5,18,88,0
858,16,3,1,3,15,0
505,27,4,6,6,95,1
599,42,1,3,7,22,0
438,25,5,5,23,34,0
172,15,3,6,10,15,0
2423,26,6,4,0,25,0
1272,54,2,3,21,62,1
81,37,3,6,31,39,1
664,21,2,3,7,18,0
278,14,2,3,20,26,0
1786,25,6,4,1,42,0
2472,33,6,4,14,76,1
1278,101,1,3,20,43,1
1025,97,1,6,23,104,1
1093,27,3,2,17,36,0
15,4,6,1,0,15,0
991,34,5,4,8,80,0
416,9,3,2,2,36,0
1963,42,4,4,19,43,1
2083,75,2,3,18,23,1
995,36,2,2,17,28,0
399,35,1,6,19,35,1
719,44,5,6,29,98,1
1481,45,6,5,39,72,1
763,10,6,1,0,10,0
2203,120,1,1,7,19,1
1421,51,4,4,23,64,1
1282,15,3,1,2,25,0
535,39,3,5,29,40,1
1495,49,5,6,25,99,1
2070,107,1,2,9,23,1
2441,118,1,2,11,29,1
565,35,4,6,37,101,1
28,11,3,3,12,38,0
584,74,1,6,3,108,1
1013,18,6,2,12,31,0
2476,39,5,4,16,26,1
2476,65,3,5,32,36,1
1948,31,4,6,4,28,1
1949,24,5,3,27,39,0
1645,49,2,4,23,59,1
1708,36,6,6,16,18,1
2179,44,4,4,10,16,1
441,22,5,6,11,18,0
2101,131,1,4,12,23,1
1905,56,2,1,7,24,0
1953,37,4,4,0,66,0
1350,88,1,1,8,17,1
2438,16,6,2,1,10,0
154,7,2,1,13,24,0
2420,72,3,4,12,77,1
1083,68,1,5,1,3,1
1098,28,5,5,3,31,0
2412,33,4,2,11,32,0
809,29,2,4,9,58,1
1161,48,1,1,2,18,1
2455,42,3,5,3,75,1
1966,36,4,6,5,26,0
472,26,4,3,22,44,0
1784,97,1,4,4,60,1
2055,34,3,6,2,57,1
817,34,6,6,9,98,1
196,15,6,4,18,62,0
1753,57,2,3,13,23,1
741,64,1,5,20,81,1
1945,81,2,3,27,30,1
1223,15,6,2,10,18,0
1421,26,4,1,11,25,0
438,20,2,1,4,13,0
1317,62,3,6,35,86,1
2294,41,5,5,23,27,1
1227,31,6,3,21,43,0
1320,54,6,6,37,70,1
780,30,3,4,16,20,0
767,55,2,6,21,115,1
145,20,1,4,18,30,0
801,23,4,4,9,34,0
180,8,5,2,10,12,0
2216,77,1,2,5,9,1
2258,96,1,4,1,7,1
1590,52,3,5,32,53,1
971,20,2,2,10,24,0
885,21,6,2,15,32,0
2428,20,6,1,2,26,0
112,38,3,6,36,73,1
1011,23,2,1,3,10,0
1158,50,3,5,22,48,1
1491,17,6,2,3,26,0
667,49,1,2,7,33,1
1230,24,4,3,6,43,0
432,35,2,5,25,55,1
180,23,5,6,24,28,1
2230,43,5,6,16,52,1
462,50,1,6,14,92,1
2407,78,3,5,36,74,1
1985,62,3,3,12,38,0
1667,24,6,3,3,26,0
2063,89,1,1,5,10,1
297,11,6,5,16,88,1
1651,35,6,5,21,48,1
1457,33,5,3,16,51,0
1923,32,6,4,13,59,1
617,16,6,4,13,39,0
466,5,5,1,0,1,0
1774,45,3,4,7,69,1
1235,53,2,4,33,38,1
1245,35,4,4,25,46,1
1039,15,6,2,12,17,0
2433,60,2,1,13,20,1
456,18,5,3,21,46,0
844,41,2,4,15,37,0
820,41,4,6,29,79,1
1434,44,2,2,15,17,0
1421,79,2,4,23,31,1
968,34,2,2,3,25,0
1485,25,2,1,2,7,0
818,57,1,6,5,27,1
988,24,6,6,3,98,1
2473,46,5,6,17,58,1
735,20,4,4,5,72,0
1226,20,5,2,4,37,0
2207,160,1,6,26,87,1
1913,147,1,5,40,71,1
788,46,1,5,10,44,1
982,15,6,2,5,9,0
1548,162,1,4,15,67,1
1426,64,2,4,18,46,1
2133,37,5,1,10,19,0
608,15,3,1,4,9,0
234,25,4,6,14,42,0
1563,99,1,3,25,51,1
2170,26,5,1,7,24,0
2308,158,1,4,30,77,1
850,29,6,3,18,33,0
1824,77,1,1,8,23,1
723,37,1,2,18,39,1
1116,124,1,5,23,53,1
134,12,1,1,9,19,0
1102,18,4,1,8,23,0
1289,19,5,2,3,40,0
1760,35,6,4,9,62,0
39,15,1,6,8,86,1
2338,113,1,2,18,22,1
2027,119,1,6,14,38,1
2425,124,1,1,2,20,1
504,39,2,4,33,49,1
1619,51,2,3,9,25,1
727,14,3,1,2,10,0
1026,49,1,2,16,20,1
1347,39,3,3,19,47,1
615,32,4,5,20,85,1
384,16,3,3,1,33,0
1970,25,5,2,18,32,0
1058,34,2,3,16,42,0
1367,39,2,2,17,37,0
125,11,1,1,0,15,0
2105,153,1,4,1,56,1
1811,27,4,5,0,35,0
2156,34,6,4,9,65,0
1492,30,4,4,4,24,0
1556,27,5,4,11,53,0
1630,109,1,2,3,8,1
2462,161,1,2,5,10,1
694,19,4,5,8,28,0
1481,33,4,2,11,35,0
1609,32,4,6,25,111,1
2315,83,2,2,14,24,1
2178,65,3,2,15,21,0
819,22,3,2,12,42,0
987,39,1,1,8,18,0
2111,88,2,5,29,93,1
1364,54,4,6,6,110,1
793,46,1,2,19,32,1
250,26,2,5,3,27,0
1788,26,5,3,10,49,0
1563,22,6,1,7,24,0
492,21,2,2,5,36,0
1022,90,1,6,29,72,1
196,8,3,1,9,24,0
1891,53,4,6,29,84,1
2319,25,6,1,6,13,0
962,16,5,3,6,36,0
1397,52,6,5,35,44,1
500,7,6,1,2,21,0
440,31,2,4,23,50,0
248,20,1,3,6,11,0
2361,216,1,4,19,30,1
2355,35,6,3,16,25,0
85,24,4,4,31,49,1
1366,109,1,4,25,71,1
1933,51,6,6,25,71,1
1791,79,1,1,3,10,1
836,16,4,1,10,21,0
2340,27,5,3,2,57,0
600,29,6,5,34,72,1
2129,53,3,6,11,75,1
1912,31,3,1,0,13,0
1920,17,6,1,3,26,0
584,34,2,6,13,40,1
901,10,5,2,0,44,0
2069,99,2,6,45,89,1
150,10,3,1,12,23,0
1799,44,4,5,23,33,1
26,6,6,2,14,40,0
1096,84,1,4,30,46,1
262,24,3,6,16,70,1
474,21,5,4,11,64,0
385,19,3,2,13,41,0
1837,32,5,2,11,24,0
529,17,5,2,17,21,0
1870,20,6,3,3,19,0
99,31,5,6,45,73,1
729,44,2,5,12,52,1
639,22,4,5,17,90,1
1894,60,3,4,27,39,1
85,17,4,4,18,42,0
935,45,1,4,2,7,1
2457,65,3,6,18,49,1
1815,26,4,1,3,20,0
979,42,4,4,24,77,1
1104,18,6,2,10,17,0
2038,34,6,4,16,37,1
1414,110,1,2,16,34,1
204,12,5,3,22,40,0
237,6,3,1,2,11,0
1469,18,6,1,13,21,0
470,41,3,6,38,55,1
627,50,1,6,18,33,1
73,10,6,5,2,15,0
2222,23,6,3,1,48,0
2084,44,5,6,48,81,1
294,14,3,2,8,36,0
1693,37,3,3,21,50,1
2338,33,3,1,5,25,0
847,24,5,2,20,30,0
840,13,6,3,8,54,0
1197,52,1,1,10,25,0
233,28,3,6,36,109,1
793,8,4,2,1,7,0
959,18,5,2,14,24,0
54,7,2,1,8,11,0
1820,135,1,2,18,41,1
480,42,4,6,41,91,1
2091,93,3,6,35,110,1
839,53,2,6,9,97,1
1919,111,1,1,10,21,1
2278,32,5,4,6,31,0
1901,68,2,4,3,26,1
701,11,6,2,14,29,0
1400,62,2,6,11,98,1
941,16,4,2,15,40,0
850,42,1,1,5,16,0
1948,31,4,2,8,24,0
1583,64,4,5,34,52,1
2296,55,3,4,7,67,1
2498,28,5,2,6,33,0
157,10,2,2,3,36,0
1042,70,1,3,25,34,1
1321,23,6,2,12,21,0
397,22,5,5,18,96,0
1883,24,5,4,6,18,0
925,59,1,3,9,28,1
1888,21,5,1,8,21,0
287,10,3,1,11,24,0
1987,53,5,4,34,54,1
1869,34,3,1,9,24,0
1835,65,2,5,24,43,1
1843,49,2,2,11,30,1
627,29,4,4,11,44,1
1640,41,3,3,19,56,1
2192,32,6,2,5,32,0
589,18,2,1,11,20,0
1180,18,5,1,9,12,0
499,36,1,3,1,14,0
1192,104,1,5,24,26,1
393,14,3,3,6,35,0
172,18,6,4,22,41,0
2498,70,4,3,15,59,1
1886,23,5,1,10,14,0
1222,62,3,5,35,46,1
2472,155,1,5,22,61,1
1372,46,3,6,42,59,1
1640,24,5,3,6,45,0
1214,27,6,4,26,73,1
297,9,6,1,12,22,0
1867,48,2,2,18,39,1
196,18,5,5,16,37,0
1917,58,2,3,25,43,1
1171,60,2,6,21,90,1
139,21,2,4,12,54,0
2251,55,3,4,11,71,1
2373,93,1,1,6,21,1
1897,31,6,5,0,53,0
153,6,3,1,0,15,0
25,14,1,6,13,100,1
2480,35,6,2,14,44,0
254,10,5,2,10,25,0
936,15,6,2,8,26,0
2186,34,6,4,16,56,1
916,22,6,5,3,84,0
896,14,4,1,3,12,0
350,6,5,1,2,8,0
2061,71,3,6,38,70,1
1443,34,3,2,0,7,0
315,61,1,5,40,64,1
917,41,3,5,23,37,1
1381,59,2,6,33,87,1
330,13,6,3,1,53,0
568,34,3,5,23,71,1
1214,80,1,5,14,44,1
1419,50,1,1,0,17,0
1651,87,2,6,12,113,1
1141,57,1,5,6,27,1
2467,41,4,5,8,31,1
827,15,6,1,11,26,0
1204,40,6,5,34,85,1
21,4,6,1,6,12,0
204,12,5,3,21,45,0
2239,50,3,4,22,66,1
665,14,4,1,9,19,0
1931,35,3,1,0,4,0
2087,47,4,5,13,93,1
1629,22,3,1,2,8,0
1129,58,2,6,47,96,1
787,43,1,2,9,20,1
453,24,1,2,0,30,0
307,21,2,3,4,46,0
817,12,4,1,2,21,0
1770,57,5,6,48,115,1
854,30,4,5,26,41,1
1025,94,1,5,21,81,1
1394,33,5,4,17,56,1
1407,43,3,3,15,33,0
563,26,5,6,1,94,0
2360,76,4,6,46,100,1
430,28,2,5,12,52,1
1279,31,3,4,15,71,1
1270,22,4,5,7,30,0
194,11,3,4,7,75,0
477,14,5,2,9,19,0
2420,179,1,6,32,104,1
1316,18,4,2,11,21,0
1586,68,2,5,8,56,1
345,11,5,3,4,55,0
2219,37,4,1,8,14,0
1507,45,2,3,15,39,0
2069,36,4,3,17,38,0
1457,19,5,1,13,24,0
597,44,4,6,31,90,1
1891,39,3,2,7,33,0
210,8,5,2,10,31,0
531,16,4,6,19,32,0
1897,116,1,1,2,14,1
1721,66,4,4,25,40,1
797,26,3,3,9,20,0
69,21,2,5,23,35,1
587,24,2,2,12,19,0
330,40,2,6,45,61,1
1468,97,1,5,33,68,1
2047,45,3,1,12,21,0
932,42,5,5,35,81,1
1419,49,2,5,6,47,1
1704,49,3,3,18,50,1
578,14,4,1,13,24,0
1111,75,1,5,16,34,1
536,22,3,2,15,27,0
2182,50,3,1,12,15,0
880,24,5,2,17,25,0
289,28,3,6,20,82,1
1902,57,5,6,43,86,1
1761,80,1,4,0,67,1
683,77,1,6,14,70,1
1161,37,4,5,2,97,1
2371,27,5,1,5,26,0
341,27,5,6,13,52,0
1183,36,2,2,5,37,0
2049,83,2,5,32,76,1
1487,66,4,6,37,72,1
45,10,1,3,7,28,0
1718,21,6,2,14,25,0
1453,46,2,2,13,37,0
2263,49,3,4,19,47,1
1389,78,1,3,22,29,1
449,17,6,4,18,50,0
1129,71,3,6,32,94,1
173,9,5,3,3,61,0
157,12,1,2,9,22,0
2351,71,4,4,33,77,1
204,25,5,5,35,50,1
672,21,5,3,14,56,0
489,11,3,2,3,22,0
132,3,5,1,1,10,0
1433,41,2,3,6,30,0
974,50,1,3,14,18,1
1788,89,2,6,21,42,1
1495,44,3,5,31,92,1
2024,58,6,6,42,105,1
719,26,3,3,18,54,0
2453,163,1,3,7,38,1
921,17,5,5,0,85,0
1370,55,4,5,34,72,1
2374,70,3,4,4,46,0
1744,125,1,2,17,24,1
1833,40,4,2,11,22,0
1589,33,5,4,11,70,0
690,18,6,2,20,26,0
1343,39,3,3,26,47,0
565,19,6,4,18,51,0
